date,GS10,final_regime_confirmed,hmm_state_name
2008-01-24,3.68,STEEP_HIGH_RATE,HIGH
2008-01-25,3.61,STEEP_HIGH_RATE,HIGH
2008-01-28,3.61,STEEP_HIGH_RATE,HIGH
2008-01-29,3.69,STEEP_HIGH_RATE,HIGH
2008-01-30,3.78,STEEP_HIGH_RATE,HIGH
2008-01-31,3.67,STEEP_HIGH_RATE,HIGH
2008-02-01,3.62,STEEP_HIGH_RATE,HIGH
2008-02-04,3.68,STEEP_HIGH_RATE,HIGH
2008-02-05,3.61,STEEP_HIGH_RATE,HIGH
2008-02-06,3.61,STEEP_HIGH_RATE,HIGH
2008-02-07,3.74,STEEP_HIGH_RATE,HIGH
2008-02-08,3.64,STEEP_HIGH_RATE,HIGH
2008-02-11,3.62,STEEP_HIGH_RATE,HIGH
2008-02-12,3.66,STEEP_HIGH_RATE,HIGH
2008-02-13,3.7,STEEP_HIGH_RATE,HIGH
2008-02-14,3.85,STEEP_HIGH_RATE,HIGH
2008-02-15,3.76,STEEP_HIGH_RATE,HIGH
2008-02-19,3.89,STEEP_HIGH_RATE,HIGH
2008-02-20,3.93,STEEP_HIGH_RATE,HIGH
2008-02-21,3.77,STEEP_HIGH_RATE,HIGH
2008-02-22,3.79,STEEP_HIGH_RATE,HIGH
2008-02-25,3.91,STEEP_HIGH_RATE,HIGH
2008-02-26,3.88,STEEP_HIGH_RATE,HIGH
2008-02-27,3.85,STEEP_HIGH_RATE,HIGH
2008-02-28,3.71,STEEP_HIGH_RATE,HIGH
2008-02-29,3.53,STEEP_HIGH_RATE,HIGH
2008-03-03,3.54,STEEP_HIGH_RATE,HIGH
2008-03-04,3.63,STEEP_HIGH_RATE,HIGH
2008-03-05,3.7,STEEP_HIGH_RATE,HIGH
2008-03-06,3.62,STEEP_HIGH_RATE,HIGH
2008-03-07,3.56,STEEP_HIGH_RATE,HIGH
2008-03-10,3.46,STEEP_HIGH_RATE,HIGH
2008-03-11,3.6,STEEP_HIGH_RATE,HIGH
2008-03-12,3.49,STEEP_HIGH_RATE,HIGH
2008-03-13,3.56,STEEP_HIGH_RATE,HIGH
2008-03-14,3.44,STEEP_HIGH_RATE,HIGH
2008-03-17,3.34,STEEP_HIGH_RATE,HIGH
2008-03-18,3.48,STEEP_HIGH_RATE,HIGH
2008-03-19,3.38,STEEP_HIGH_RATE,HIGH
2008-03-20,3.34,STEEP_HIGH_RATE,HIGH
2008-03-24,3.56,STEEP_HIGH_RATE,HIGH
2008-03-25,3.51,STEEP_HIGH_RATE,HIGH
2008-03-26,3.51,STEEP_HIGH_RATE,HIGH
2008-03-27,3.56,STEEP_HIGH_RATE,HIGH
2008-03-28,3.47,STEEP_HIGH_RATE,HIGH
2008-03-31,3.45,STEEP_HIGH_RATE,HIGH
2008-04-01,3.57,STEEP_HIGH_RATE,HIGH
2008-04-02,3.6,STEEP_HIGH_RATE,HIGH
2008-04-03,3.61,STEEP_HIGH_RATE,HIGH
2008-04-04,3.5,STEEP_HIGH_RATE,HIGH
2008-04-07,3.57,STEEP_HIGH_RATE,HIGH
2008-04-08,3.58,STEEP_HIGH_RATE,HIGH
2008-04-09,3.49,STEEP_HIGH_RATE,HIGH
2008-04-10,3.55,STEEP_HIGH_RATE,HIGH
2008-04-11,3.49,STEEP_HIGH_RATE,HIGH
2008-04-14,3.53,STEEP_HIGH_RATE,HIGH
2008-04-15,3.6,STEEP_HIGH_RATE,HIGH
2008-04-16,3.72,STEEP_HIGH_RATE,HIGH
2008-04-17,3.75,STEEP_HIGH_RATE,HIGH
2008-04-18,3.77,STEEP_HIGH_RATE,HIGH
2008-04-21,3.75,STEEP_HIGH_RATE,HIGH
2008-04-22,3.74,STEEP_HIGH_RATE,HIGH
2008-04-23,3.77,STEEP_HIGH_RATE,HIGH
2008-04-24,3.87,STEEP_HIGH_RATE,HIGH
2008-04-25,3.91,STEEP_HIGH_RATE,HIGH
2008-04-28,3.86,STEEP_HIGH_RATE,HIGH
2008-04-29,3.85,STEEP_HIGH_RATE,HIGH
2008-04-30,3.77,STEEP_HIGH_RATE,HIGH
2008-05-01,3.78,STEEP_HIGH_RATE,HIGH
2008-05-02,3.89,STEEP_HIGH_RATE,HIGH
2008-05-05,3.88,STEEP_HIGH_RATE,HIGH
2008-05-06,3.93,STEEP_HIGH_RATE,HIGH
2008-05-07,3.87,STEEP_HIGH_RATE,HIGH
2008-05-08,3.79,STEEP_HIGH_RATE,HIGH
2008-05-09,3.77,STEEP_HIGH_RATE,HIGH
2008-05-12,3.78,STEEP_HIGH_RATE,HIGH
2008-05-13,3.9,STEEP_HIGH_RATE,HIGH
2008-05-14,3.92,STEEP_HIGH_RATE,HIGH
2008-05-15,3.83,STEEP_HIGH_RATE,HIGH
2008-05-16,3.85,STEEP_HIGH_RATE,HIGH
2008-05-19,3.83,STEEP_HIGH_RATE,HIGH
2008-05-20,3.78,STEEP_HIGH_RATE,HIGH
2008-05-21,3.81,STEEP_HIGH_RATE,HIGH
2008-05-22,3.92,STEEP_HIGH_RATE,HIGH
2008-05-23,3.85,STEEP_HIGH_RATE,HIGH
2008-05-27,3.93,STEEP_HIGH_RATE,HIGH
2008-05-28,4.03,STEEP_HIGH_RATE,HIGH
2008-05-29,4.08,STEEP_HIGH_RATE,HIGH
2008-05-30,4.06,STEEP_HIGH_RATE,HIGH
2008-06-02,3.98,STEEP_HIGH_RATE,HIGH
2008-06-03,3.92,STEEP_HIGH_RATE,HIGH
2008-06-04,3.98,STEEP_HIGH_RATE,HIGH
2008-06-05,4.06,STEEP_HIGH_RATE,HIGH
2008-06-06,3.94,STEEP_HIGH_RATE,HIGH
2008-06-09,4.02,STEEP_HIGH_RATE,HIGH
2008-06-10,4.11,STEEP_HIGH_RATE,HIGH
2008-06-11,4.1,STEEP_HIGH_RATE,HIGH
2008-06-12,4.23,STEEP_HIGH_RATE,HIGH
2008-06-13,4.27,STEEP_HIGH_RATE,HIGH
2008-06-16,4.25,STEEP_HIGH_RATE,HIGH
2008-06-17,4.23,STEEP_HIGH_RATE,HIGH
2008-06-18,4.16,STEEP_HIGH_RATE,HIGH
2008-06-19,4.22,STEEP_HIGH_RATE,HIGH
2008-06-20,4.16,STEEP_HIGH_RATE,HIGH
2008-06-23,4.19,STEEP_HIGH_RATE,HIGH
2008-06-24,4.1,STEEP_HIGH_RATE,HIGH
2008-06-25,4.12,STEEP_HIGH_RATE,HIGH
2008-06-26,4.07,STEEP_HIGH_RATE,HIGH
2008-06-27,3.99,STEEP_HIGH_RATE,HIGH
2008-06-30,3.99,STEEP_HIGH_RATE,HIGH
2008-07-01,4.01,STEEP_HIGH_RATE,HIGH
2008-07-02,3.99,STEEP_HIGH_RATE,HIGH
2008-07-03,3.99,STEEP_HIGH_RATE,HIGH
2008-07-07,3.95,STEEP_HIGH_RATE,HIGH
2008-07-08,3.91,STEEP_HIGH_RATE,HIGH
2008-07-09,3.85,STEEP_HIGH_RATE,HIGH
2008-07-10,3.83,STEEP_HIGH_RATE,HIGH
2008-07-11,3.96,STEEP_HIGH_RATE,HIGH
2008-07-14,3.9,STEEP_HIGH_RATE,HIGH
2008-07-15,3.87,STEEP_HIGH_RATE,HIGH
2008-07-16,3.97,STEEP_HIGH_RATE,HIGH
2008-07-17,4.07,STEEP_HIGH_RATE,HIGH
2008-07-18,4.11,STEEP_HIGH_RATE,HIGH
2008-07-21,4.09,STEEP_HIGH_RATE,HIGH
2008-07-22,4.14,STEEP_HIGH_RATE,HIGH
2008-07-23,4.16,STEEP_HIGH_RATE,HIGH
2008-07-24,4.03,STEEP_HIGH_RATE,HIGH
2008-07-25,4.13,STEEP_HIGH_RATE,HIGH
2008-07-28,4.06,STEEP_HIGH_RATE,HIGH
2008-07-29,4.09,STEEP_HIGH_RATE,HIGH
2008-07-30,4.07,STEEP_HIGH_RATE,HIGH
2008-07-31,3.99,STEEP_HIGH_RATE,HIGH
2008-08-01,3.97,STEEP_HIGH_RATE,HIGH
2008-08-04,3.98,STEEP_HIGH_RATE,HIGH
2008-08-05,4.04,STEEP_HIGH_RATE,HIGH
2008-08-06,4.06,STEEP_HIGH_RATE,HIGH
2008-08-07,3.92,STEEP_HIGH_RATE,HIGH
2008-08-08,3.94,STEEP_HIGH_RATE,HIGH
2008-08-11,3.99,STEEP_HIGH_RATE,HIGH
2008-08-12,3.91,STEEP_HIGH_RATE,HIGH
2008-08-13,3.94,STEEP_HIGH_RATE,HIGH
2008-08-14,3.89,STEEP_HIGH_RATE,HIGH
2008-08-15,3.84,STEEP_HIGH_RATE,HIGH
2008-08-18,3.82,STEEP_HIGH_RATE,HIGH
2008-08-19,3.83,STEEP_HIGH_RATE,HIGH
2008-08-20,3.79,STEEP_HIGH_RATE,HIGH
2008-08-21,3.84,STEEP_HIGH_RATE,HIGH
2008-08-22,3.87,STEEP_HIGH_RATE,HIGH
2008-08-25,3.79,STEEP_HIGH_RATE,HIGH
2008-08-26,3.79,STEEP_HIGH_RATE,HIGH
2008-08-27,3.77,STEEP_HIGH_RATE,HIGH
2008-08-28,3.79,STEEP_HIGH_RATE,HIGH
2008-08-29,3.83,STEEP_HIGH_RATE,HIGH
2008-09-02,3.74,STEEP_HIGH_RATE,HIGH
2008-09-03,3.71,STEEP_HIGH_RATE,HIGH
2008-09-04,3.64,STEEP_HIGH_RATE,HIGH
2008-09-05,3.66,STEEP_HIGH_RATE,HIGH
2008-09-08,3.66,STEEP_HIGH_RATE,HIGH
2008-09-09,3.62,STEEP_HIGH_RATE,HIGH
2008-09-10,3.65,STEEP_HIGH_RATE,HIGH
2008-09-11,3.64,STEEP_HIGH_RATE,HIGH
2008-09-12,3.74,STEEP_HIGH_RATE,HIGH
2008-09-15,3.47,STEEP_HIGH_RATE,HIGH
2008-09-16,3.48,STEEP_HIGH_RATE,HIGH
2008-09-17,3.41,STEEP_HIGH_RATE,HIGH
2008-09-18,3.54,STEEP_HIGH_RATE,HIGH
2008-09-19,3.78,STEEP_HIGH_RATE,HIGH
2008-09-22,3.83,STEEP_HIGH_RATE,HIGH
2008-09-23,3.85,STEEP_HIGH_RATE,HIGH
2008-09-24,3.8,STEEP_HIGH_RATE,HIGH
2008-09-25,3.88,STEEP_HIGH_RATE,HIGH
2008-09-26,3.85,STEEP_HIGH_RATE,HIGH
2008-09-29,3.61,STEEP_HIGH_RATE,HIGH
2008-09-30,3.85,STEEP_HIGH_RATE,HIGH
2008-10-01,3.77,STEEP_HIGH_RATE,HIGH
2008-10-02,3.66,STEEP_HIGH_RATE,HIGH
2008-10-03,3.63,STEEP_HIGH_RATE,HIGH
2008-10-06,3.48,STEEP_HIGH_RATE,HIGH
2008-10-07,3.5,STEEP_HIGH_RATE,HIGH
2008-10-08,3.72,STEEP_HIGH_RATE,HIGH
2008-10-09,3.84,STEEP_HIGH_RATE,HIGH
2008-10-10,3.89,STEEP_HIGH_RATE,HIGH
2008-10-13,3.89,STEEP_HIGH_RATE,HIGH
2008-10-14,4.08,STEEP_HIGH_RATE,HIGH
2008-10-15,4.04,STEEP_HIGH_RATE,HIGH
2008-10-16,3.99,STEEP_HIGH_RATE,HIGH
2008-10-17,3.98,STEEP_HIGH_RATE,HIGH
2008-10-20,3.91,STEEP_HIGH_RATE,HIGH
2008-10-21,3.76,STEEP_HIGH_RATE,HIGH
2008-10-22,3.65,STEEP_HIGH_RATE,HIGH
2008-10-23,3.63,STEEP_HIGH_RATE,HIGH
2008-10-24,3.76,STEEP_HIGH_RATE,HIGH
2008-10-27,3.79,STEEP_HIGH_RATE,HIGH
2008-10-28,3.89,STEEP_HIGH_RATE,HIGH
2008-10-29,3.93,STEEP_HIGH_RATE,HIGH
2008-10-30,4.0,STEEP_HIGH_RATE,HIGH
2008-10-31,4.01,STEEP_HIGH_RATE,HIGH
2008-11-03,3.96,STEEP_HIGH_RATE,HIGH
2008-11-04,3.81,STEEP_HIGH_RATE,HIGH
2008-11-05,3.73,STEEP_HIGH_RATE,HIGH
2008-11-06,3.75,STEEP_HIGH_RATE,HIGH
2008-11-07,3.83,STEEP_HIGH_RATE,HIGH
2008-11-10,3.82,STEEP_HIGH_RATE,HIGH
2008-11-11,3.82,STEEP_HIGH_RATE,HIGH
2008-11-12,3.75,STEEP_HIGH_RATE,HIGH
2008-11-13,3.84,STEEP_HIGH_RATE,HIGH
2008-11-14,3.72,STEEP_HIGH_RATE,HIGH
2008-11-17,3.68,STEEP_HIGH_RATE,HIGH
2008-11-18,3.53,STEEP_HIGH_RATE,HIGH
2008-11-19,3.38,STEEP_HIGH_RATE,HIGH
2008-11-20,3.1,STEEP_HIGH_RATE,HIGH
2008-11-21,3.2,STEEP_HIGH_RATE,HIGH
2008-11-24,3.35,STEEP_HIGH_RATE,HIGH
2008-11-25,3.11,STEEP_HIGH_RATE,HIGH
2008-11-26,2.99,STEEP_HIGH_RATE,MID
2008-11-28,2.93,STEEP_HIGH_RATE,MID
2008-12-01,2.72,STEEP_MID_RATE,MID
2008-12-02,2.68,STEEP_MID_RATE,MID
2008-12-03,2.67,STEEP_MID_RATE,MID
2008-12-04,2.55,STEEP_MID_RATE,MID
2008-12-05,2.67,STEEP_MID_RATE,MID
2008-12-08,2.77,STEEP_MID_RATE,MID
2008-12-09,2.67,STEEP_MID_RATE,MID
2008-12-10,2.69,STEEP_MID_RATE,MID
2008-12-11,2.64,STEEP_MID_RATE,MID
2008-12-12,2.6,STEEP_MID_RATE,MID
2008-12-15,2.53,STEEP_MID_RATE,MID
2008-12-16,2.37,STEEP_MID_RATE,MID
2008-12-17,2.2,STEEP_MID_RATE,MID
2008-12-18,2.08,STEEP_MID_RATE,MID
2008-12-19,2.13,STEEP_MID_RATE,MID
2008-12-22,2.16,STEEP_MID_RATE,MID
2008-12-23,2.18,STEEP_MID_RATE,MID
2008-12-24,2.2,STEEP_MID_RATE,MID
2008-12-26,2.16,STEEP_MID_RATE,MID
2008-12-29,2.13,STEEP_MID_RATE,MID
2008-12-30,2.11,STEEP_MID_RATE,MID
2008-12-31,2.25,STEEP_MID_RATE,MID
2009-01-02,2.46,STEEP_MID_RATE,MID
2009-01-05,2.49,STEEP_MID_RATE,MID
2009-01-06,2.51,STEEP_MID_RATE,MID
2009-01-07,2.52,STEEP_MID_RATE,MID
2009-01-08,2.47,STEEP_MID_RATE,MID
2009-01-09,2.43,STEEP_MID_RATE,MID
2009-01-12,2.34,STEEP_MID_RATE,MID
2009-01-13,2.33,STEEP_MID_RATE,MID
2009-01-14,2.24,STEEP_MID_RATE,MID
2009-01-15,2.23,STEEP_MID_RATE,MID
2009-01-16,2.36,STEEP_MID_RATE,MID
2009-01-20,2.4,STEEP_MID_RATE,MID
2009-01-21,2.56,STEEP_MID_RATE,MID
2009-01-22,2.62,STEEP_MID_RATE,MID
2009-01-23,2.65,STEEP_MID_RATE,MID
2009-01-26,2.7,STEEP_MID_RATE,MID
2009-01-27,2.59,STEEP_MID_RATE,MID
2009-01-28,2.71,STEEP_MID_RATE,MID
2009-01-29,2.87,STEEP_MID_RATE,MID
2009-01-30,2.87,STEEP_MID_RATE,MID
2009-02-02,2.76,STEEP_MID_RATE,MID
2009-02-03,2.89,STEEP_MID_RATE,MID
2009-02-04,2.95,STEEP_MID_RATE,MID
2009-02-05,2.95,STEEP_MID_RATE,MID
2009-02-06,3.05,STEEP_MID_RATE,MID
2009-02-09,3.07,STEEP_MID_RATE,MID
2009-02-10,2.9,STEEP_MID_RATE,MID
2009-02-11,2.78,STEEP_MID_RATE,MID
2009-02-12,2.75,STEEP_MID_RATE,MID
2009-02-13,2.89,STEEP_MID_RATE,MID
2009-02-17,2.64,STEEP_MID_RATE,MID
2009-02-18,2.74,STEEP_MID_RATE,MID
2009-02-19,2.85,STEEP_MID_RATE,MID
2009-02-20,2.78,STEEP_MID_RATE,MID
2009-02-23,2.78,STEEP_MID_RATE,MID
2009-02-24,2.8,STEEP_MID_RATE,MID
2009-02-25,2.95,STEEP_MID_RATE,MID
2009-02-26,2.98,STEEP_MID_RATE,MID
2009-02-27,3.02,STEEP_MID_RATE,MID
2009-03-02,2.91,STEEP_MID_RATE,MID
2009-03-03,2.93,STEEP_MID_RATE,MID
2009-03-04,3.01,STEEP_MID_RATE,MID
2009-03-05,2.83,STEEP_MID_RATE,MID
2009-03-06,2.83,STEEP_MID_RATE,MID
2009-03-09,2.89,STEEP_MID_RATE,MID
2009-03-10,2.99,STEEP_MID_RATE,MID
2009-03-11,2.95,STEEP_MID_RATE,MID
2009-03-12,2.89,STEEP_MID_RATE,MID
2009-03-13,2.89,STEEP_MID_RATE,MID
2009-03-16,2.97,STEEP_MID_RATE,MID
2009-03-17,3.02,STEEP_MID_RATE,MID
2009-03-18,2.51,STEEP_MID_RATE,MID
2009-03-19,2.61,STEEP_MID_RATE,MID
2009-03-20,2.65,STEEP_MID_RATE,MID
2009-03-23,2.68,STEEP_MID_RATE,MID
2009-03-24,2.68,STEEP_MID_RATE,MID
2009-03-25,2.81,STEEP_MID_RATE,MID
2009-03-26,2.76,STEEP_MID_RATE,MID
2009-03-27,2.78,STEEP_MID_RATE,MID
2009-03-30,2.73,STEEP_MID_RATE,MID
2009-03-31,2.71,STEEP_MID_RATE,MID
2009-04-01,2.68,STEEP_MID_RATE,MID
2009-04-02,2.77,STEEP_MID_RATE,MID
2009-04-03,2.91,STEEP_MID_RATE,MID
2009-04-06,2.95,STEEP_MID_RATE,MID
2009-04-07,2.93,STEEP_MID_RATE,MID
2009-04-08,2.86,STEEP_MID_RATE,MID
2009-04-09,2.96,STEEP_MID_RATE,MID
2009-04-13,2.88,STEEP_MID_RATE,MID
2009-04-14,2.8,STEEP_MID_RATE,MID
2009-04-15,2.82,STEEP_MID_RATE,MID
2009-04-16,2.86,STEEP_MID_RATE,MID
2009-04-17,2.98,STEEP_MID_RATE,MID
2009-04-20,2.88,STEEP_MID_RATE,MID
2009-04-21,2.94,STEEP_MID_RATE,MID
2009-04-22,2.98,STEEP_MID_RATE,MID
2009-04-23,2.96,STEEP_MID_RATE,MID
2009-04-24,3.03,STEEP_MID_RATE,MID
2009-04-27,2.95,STEEP_MID_RATE,MID
2009-04-28,3.05,STEEP_MID_RATE,MID
2009-04-29,3.12,STEEP_MID_RATE,HIGH
2009-04-30,3.16,STEEP_MID_RATE,HIGH
2009-05-01,3.21,STEEP_MID_RATE,HIGH
2009-05-04,3.19,STEEP_MID_RATE,HIGH
2009-05-05,3.2,STEEP_HIGH_RATE,HIGH
2009-05-06,3.18,STEEP_HIGH_RATE,HIGH
2009-05-07,3.29,STEEP_HIGH_RATE,HIGH
2009-05-08,3.29,STEEP_HIGH_RATE,HIGH
2009-05-11,3.17,STEEP_HIGH_RATE,HIGH
2009-05-12,3.17,STEEP_HIGH_RATE,HIGH
2009-05-13,3.11,STEEP_HIGH_RATE,HIGH
2009-05-14,3.1,STEEP_HIGH_RATE,HIGH
2009-05-15,3.14,STEEP_HIGH_RATE,HIGH
2009-05-18,3.22,STEEP_HIGH_RATE,HIGH
2009-05-19,3.25,STEEP_HIGH_RATE,HIGH
2009-05-20,3.19,STEEP_HIGH_RATE,HIGH
2009-05-21,3.35,STEEP_HIGH_RATE,HIGH
2009-05-22,3.45,STEEP_HIGH_RATE,HIGH
2009-05-26,3.5,STEEP_HIGH_RATE,HIGH
2009-05-27,3.71,STEEP_HIGH_RATE,HIGH
2009-05-28,3.67,STEEP_HIGH_RATE,HIGH
2009-05-29,3.47,STEEP_HIGH_RATE,HIGH
2009-06-01,3.71,STEEP_HIGH_RATE,HIGH
2009-06-02,3.65,STEEP_HIGH_RATE,HIGH
2009-06-03,3.56,STEEP_HIGH_RATE,HIGH
2009-06-04,3.72,STEEP_HIGH_RATE,HIGH
2009-06-05,3.84,STEEP_HIGH_RATE,HIGH
2009-06-08,3.91,STEEP_HIGH_RATE,HIGH
2009-06-09,3.86,STEEP_HIGH_RATE,HIGH
2009-06-10,3.98,STEEP_HIGH_RATE,HIGH
2009-06-11,3.88,STEEP_HIGH_RATE,HIGH
2009-06-12,3.81,STEEP_HIGH_RATE,HIGH
2009-06-15,3.76,STEEP_HIGH_RATE,HIGH
2009-06-16,3.67,STEEP_HIGH_RATE,HIGH
2009-06-17,3.68,STEEP_HIGH_RATE,HIGH
2009-06-18,3.86,STEEP_HIGH_RATE,HIGH
2009-06-19,3.79,STEEP_HIGH_RATE,HIGH
2009-06-22,3.72,STEEP_HIGH_RATE,HIGH
2009-06-23,3.65,STEEP_HIGH_RATE,HIGH
2009-06-24,3.72,STEEP_HIGH_RATE,HIGH
2009-06-25,3.55,STEEP_HIGH_RATE,HIGH
2009-06-26,3.52,STEEP_HIGH_RATE,HIGH
2009-06-29,3.51,STEEP_HIGH_RATE,HIGH
2009-06-30,3.53,STEEP_HIGH_RATE,HIGH
2009-07-01,3.55,STEEP_HIGH_RATE,HIGH
2009-07-02,3.51,STEEP_HIGH_RATE,HIGH
2009-07-06,3.52,STEEP_HIGH_RATE,HIGH
2009-07-07,3.47,STEEP_HIGH_RATE,HIGH
2009-07-08,3.33,STEEP_HIGH_RATE,HIGH
2009-07-09,3.44,STEEP_HIGH_RATE,HIGH
2009-07-10,3.32,STEEP_HIGH_RATE,HIGH
2009-07-13,3.38,STEEP_HIGH_RATE,HIGH
2009-07-14,3.5,STEEP_HIGH_RATE,HIGH
2009-07-15,3.63,STEEP_HIGH_RATE,HIGH
2009-07-16,3.59,STEEP_HIGH_RATE,HIGH
2009-07-17,3.67,STEEP_HIGH_RATE,HIGH
2009-07-20,3.61,STEEP_HIGH_RATE,HIGH
2009-07-21,3.5,STEEP_HIGH_RATE,HIGH
2009-07-22,3.58,STEEP_HIGH_RATE,HIGH
2009-07-23,3.72,STEEP_HIGH_RATE,HIGH
2009-07-24,3.7,STEEP_HIGH_RATE,HIGH
2009-07-27,3.75,STEEP_HIGH_RATE,HIGH
2009-07-28,3.72,STEEP_HIGH_RATE,HIGH
2009-07-29,3.69,STEEP_HIGH_RATE,HIGH
2009-07-30,3.67,STEEP_HIGH_RATE,HIGH
2009-07-31,3.52,STEEP_HIGH_RATE,HIGH
2009-08-03,3.66,STEEP_HIGH_RATE,HIGH
2009-08-04,3.7,STEEP_HIGH_RATE,HIGH
2009-08-05,3.8,STEEP_HIGH_RATE,HIGH
2009-08-06,3.79,STEEP_HIGH_RATE,HIGH
2009-08-07,3.89,STEEP_HIGH_RATE,HIGH
2009-08-10,3.8,STEEP_HIGH_RATE,HIGH
2009-08-11,3.71,STEEP_HIGH_RATE,HIGH
2009-08-12,3.72,STEEP_HIGH_RATE,HIGH
2009-08-13,3.59,STEEP_HIGH_RATE,HIGH
2009-08-14,3.55,STEEP_HIGH_RATE,HIGH
2009-08-17,3.48,STEEP_HIGH_RATE,HIGH
2009-08-18,3.51,STEEP_HIGH_RATE,HIGH
2009-08-19,3.45,STEEP_HIGH_RATE,HIGH
2009-08-20,3.42,STEEP_HIGH_RATE,HIGH
2009-08-21,3.56,STEEP_HIGH_RATE,HIGH
2009-08-24,3.48,STEEP_HIGH_RATE,HIGH
2009-08-25,3.45,STEEP_HIGH_RATE,HIGH
2009-08-26,3.44,STEEP_HIGH_RATE,HIGH
2009-08-27,3.47,STEEP_HIGH_RATE,HIGH
2009-08-28,3.46,STEEP_HIGH_RATE,HIGH
2009-08-31,3.4,STEEP_HIGH_RATE,HIGH
2009-09-01,3.38,STEEP_HIGH_RATE,HIGH
2009-09-02,3.29,STEEP_HIGH_RATE,HIGH
2009-09-03,3.33,STEEP_HIGH_RATE,HIGH
2009-09-04,3.45,STEEP_HIGH_RATE,HIGH
2009-09-08,3.47,STEEP_HIGH_RATE,HIGH
2009-09-09,3.48,STEEP_HIGH_RATE,HIGH
2009-09-10,3.36,STEEP_HIGH_RATE,HIGH
2009-09-11,3.34,STEEP_HIGH_RATE,HIGH
2009-09-14,3.42,STEEP_HIGH_RATE,HIGH
2009-09-15,3.47,STEEP_HIGH_RATE,HIGH
2009-09-16,3.48,STEEP_HIGH_RATE,HIGH
2009-09-17,3.42,STEEP_HIGH_RATE,HIGH
2009-09-18,3.49,STEEP_HIGH_RATE,HIGH
2009-09-21,3.49,STEEP_HIGH_RATE,HIGH
2009-09-22,3.46,STEEP_HIGH_RATE,HIGH
2009-09-23,3.44,STEEP_HIGH_RATE,HIGH
2009-09-24,3.4,STEEP_HIGH_RATE,HIGH
2009-09-25,3.34,STEEP_HIGH_RATE,HIGH
2009-09-28,3.31,STEEP_HIGH_RATE,HIGH
2009-09-29,3.31,STEEP_HIGH_RATE,HIGH
2009-09-30,3.31,STEEP_HIGH_RATE,HIGH
2009-10-01,3.21,STEEP_HIGH_RATE,HIGH
2009-10-02,3.24,STEEP_HIGH_RATE,HIGH
2009-10-05,3.24,STEEP_HIGH_RATE,HIGH
2009-10-06,3.27,STEEP_HIGH_RATE,HIGH
2009-10-07,3.21,STEEP_HIGH_RATE,HIGH
2009-10-08,3.27,STEEP_HIGH_RATE,HIGH
2009-10-09,3.4,STEEP_HIGH_RATE,HIGH
2009-10-12,3.4,STEEP_HIGH_RATE,HIGH
2009-10-13,3.34,STEEP_HIGH_RATE,HIGH
2009-10-14,3.45,STEEP_HIGH_RATE,HIGH
2009-10-15,3.49,STEEP_HIGH_RATE,HIGH
2009-10-16,3.43,STEEP_HIGH_RATE,HIGH
2009-10-19,3.41,STEEP_HIGH_RATE,HIGH
2009-10-20,3.35,STEEP_HIGH_RATE,HIGH
2009-10-21,3.42,STEEP_HIGH_RATE,HIGH
2009-10-22,3.44,STEEP_HIGH_RATE,HIGH
2009-10-23,3.51,STEEP_HIGH_RATE,HIGH
2009-10-26,3.59,STEEP_HIGH_RATE,HIGH
2009-10-27,3.49,STEEP_HIGH_RATE,HIGH
2009-10-28,3.44,STEEP_HIGH_RATE,HIGH
2009-10-29,3.53,STEEP_HIGH_RATE,HIGH
2009-10-30,3.41,STEEP_HIGH_RATE,HIGH
2009-11-02,3.45,STEEP_HIGH_RATE,HIGH
2009-11-03,3.5,STEEP_HIGH_RATE,HIGH
2009-11-04,3.57,STEEP_HIGH_RATE,HIGH
2009-11-05,3.57,STEEP_HIGH_RATE,HIGH
2009-11-06,3.54,STEEP_HIGH_RATE,HIGH
2009-11-09,3.52,STEEP_HIGH_RATE,HIGH
2009-11-10,3.5,STEEP_HIGH_RATE,HIGH
2009-11-11,3.5,STEEP_HIGH_RATE,HIGH
2009-11-12,3.45,STEEP_HIGH_RATE,HIGH
2009-11-13,3.43,STEEP_HIGH_RATE,HIGH
2009-11-16,3.33,STEEP_HIGH_RATE,HIGH
2009-11-17,3.33,STEEP_HIGH_RATE,HIGH
2009-11-18,3.36,STEEP_HIGH_RATE,HIGH
2009-11-19,3.35,STEEP_HIGH_RATE,HIGH
2009-11-20,3.36,STEEP_HIGH_RATE,HIGH
2009-11-23,3.37,STEEP_HIGH_RATE,HIGH
2009-11-24,3.32,STEEP_HIGH_RATE,HIGH
2009-11-25,3.28,STEEP_HIGH_RATE,HIGH
2009-11-27,3.21,STEEP_HIGH_RATE,HIGH
2009-11-30,3.21,STEEP_HIGH_RATE,HIGH
2009-12-01,3.28,STEEP_HIGH_RATE,HIGH
2009-12-02,3.32,STEEP_HIGH_RATE,HIGH
2009-12-03,3.39,STEEP_HIGH_RATE,HIGH
2009-12-04,3.48,STEEP_HIGH_RATE,HIGH
2009-12-07,3.44,STEEP_HIGH_RATE,HIGH
2009-12-08,3.4,STEEP_HIGH_RATE,HIGH
2009-12-09,3.45,STEEP_HIGH_RATE,HIGH
2009-12-10,3.49,STEEP_HIGH_RATE,HIGH
2009-12-11,3.55,STEEP_HIGH_RATE,HIGH
2009-12-14,3.56,STEEP_HIGH_RATE,HIGH
2009-12-15,3.6,STEEP_HIGH_RATE,HIGH
2009-12-16,3.61,STEEP_HIGH_RATE,HIGH
2009-12-17,3.5,STEEP_HIGH_RATE,HIGH
2009-12-18,3.55,STEEP_HIGH_RATE,HIGH
2009-12-21,3.69,STEEP_HIGH_RATE,HIGH
2009-12-22,3.76,STEEP_HIGH_RATE,HIGH
2009-12-23,3.77,STEEP_HIGH_RATE,HIGH
2009-12-24,3.82,STEEP_HIGH_RATE,HIGH
2009-12-28,3.85,STEEP_HIGH_RATE,HIGH
2009-12-29,3.82,STEEP_HIGH_RATE,HIGH
2009-12-30,3.8,STEEP_HIGH_RATE,HIGH
2009-12-31,3.85,STEEP_HIGH_RATE,HIGH
2010-01-04,3.85,STEEP_HIGH_RATE,HIGH
2010-01-05,3.77,STEEP_HIGH_RATE,HIGH
2010-01-06,3.85,STEEP_HIGH_RATE,HIGH
2010-01-07,3.85,STEEP_HIGH_RATE,HIGH
2010-01-08,3.83,STEEP_HIGH_RATE,HIGH
2010-01-11,3.85,STEEP_HIGH_RATE,HIGH
2010-01-12,3.74,STEEP_HIGH_RATE,HIGH
2010-01-13,3.8,STEEP_HIGH_RATE,HIGH
2010-01-14,3.76,STEEP_HIGH_RATE,HIGH
2010-01-15,3.7,STEEP_HIGH_RATE,HIGH
2010-01-19,3.73,STEEP_HIGH_RATE,HIGH
2010-01-20,3.68,STEEP_HIGH_RATE,HIGH
2010-01-21,3.62,STEEP_HIGH_RATE,HIGH
2010-01-22,3.62,STEEP_HIGH_RATE,HIGH
2010-01-25,3.66,STEEP_HIGH_RATE,HIGH
2010-01-26,3.65,STEEP_HIGH_RATE,HIGH
2010-01-27,3.66,STEEP_HIGH_RATE,HIGH
2010-01-28,3.68,STEEP_HIGH_RATE,HIGH
2010-01-29,3.63,STEEP_HIGH_RATE,HIGH
2010-02-01,3.68,STEEP_HIGH_RATE,HIGH
2010-02-02,3.67,STEEP_HIGH_RATE,HIGH
2010-02-03,3.73,STEEP_HIGH_RATE,HIGH
2010-02-04,3.62,STEEP_HIGH_RATE,HIGH
2010-02-05,3.59,STEEP_HIGH_RATE,HIGH
2010-02-08,3.62,STEEP_HIGH_RATE,HIGH
2010-02-09,3.67,STEEP_HIGH_RATE,HIGH
2010-02-10,3.72,STEEP_HIGH_RATE,HIGH
2010-02-11,3.73,STEEP_HIGH_RATE,HIGH
2010-02-12,3.69,STEEP_HIGH_RATE,HIGH
2010-02-16,3.66,STEEP_HIGH_RATE,HIGH
2010-02-17,3.74,STEEP_HIGH_RATE,HIGH
2010-02-18,3.79,STEEP_HIGH_RATE,HIGH
2010-02-19,3.78,STEEP_HIGH_RATE,HIGH
2010-02-22,3.8,STEEP_HIGH_RATE,HIGH
2010-02-23,3.69,STEEP_HIGH_RATE,HIGH
2010-02-24,3.7,STEEP_HIGH_RATE,HIGH
2010-02-25,3.64,STEEP_HIGH_RATE,HIGH
2010-02-26,3.61,STEEP_HIGH_RATE,HIGH
2010-03-01,3.61,STEEP_HIGH_RATE,HIGH
2010-03-02,3.62,STEEP_HIGH_RATE,HIGH
2010-03-03,3.63,STEEP_HIGH_RATE,HIGH
2010-03-04,3.61,STEEP_HIGH_RATE,HIGH
2010-03-05,3.69,STEEP_HIGH_RATE,HIGH
2010-03-08,3.72,STEEP_HIGH_RATE,HIGH
2010-03-09,3.71,STEEP_HIGH_RATE,HIGH
2010-03-10,3.73,STEEP_HIGH_RATE,HIGH
2010-03-11,3.73,STEEP_HIGH_RATE,HIGH
2010-03-12,3.71,STEEP_HIGH_RATE,HIGH
2010-03-15,3.71,STEEP_HIGH_RATE,HIGH
2010-03-16,3.66,STEEP_HIGH_RATE,HIGH
2010-03-17,3.65,STEEP_HIGH_RATE,HIGH
2010-03-18,3.68,STEEP_HIGH_RATE,HIGH
2010-03-19,3.7,STEEP_HIGH_RATE,HIGH
2010-03-22,3.67,STEEP_HIGH_RATE,HIGH
2010-03-23,3.69,STEEP_HIGH_RATE,HIGH
2010-03-24,3.84,STEEP_HIGH_RATE,HIGH
2010-03-25,3.91,STEEP_HIGH_RATE,HIGH
2010-03-26,3.86,STEEP_HIGH_RATE,HIGH
2010-03-29,3.88,STEEP_HIGH_RATE,HIGH
2010-03-30,3.88,STEEP_HIGH_RATE,HIGH
2010-03-31,3.84,STEEP_HIGH_RATE,HIGH
2010-04-01,3.89,STEEP_HIGH_RATE,HIGH
2010-04-05,4.01,STEEP_HIGH_RATE,HIGH
2010-04-06,3.98,STEEP_HIGH_RATE,HIGH
2010-04-07,3.89,STEEP_HIGH_RATE,HIGH
2010-04-08,3.91,STEEP_HIGH_RATE,HIGH
2010-04-09,3.9,STEEP_HIGH_RATE,HIGH
2010-04-12,3.87,STEEP_HIGH_RATE,HIGH
2010-04-13,3.84,STEEP_HIGH_RATE,HIGH
2010-04-14,3.88,STEEP_HIGH_RATE,HIGH
2010-04-15,3.86,STEEP_HIGH_RATE,HIGH
2010-04-16,3.79,STEEP_HIGH_RATE,HIGH
2010-04-19,3.83,STEEP_HIGH_RATE,HIGH
2010-04-20,3.82,STEEP_HIGH_RATE,HIGH
2010-04-21,3.77,STEEP_HIGH_RATE,HIGH
2010-04-22,3.8,STEEP_HIGH_RATE,HIGH
2010-04-23,3.84,STEEP_HIGH_RATE,HIGH
2010-04-26,3.83,STEEP_HIGH_RATE,HIGH
2010-04-27,3.71,STEEP_HIGH_RATE,HIGH
2010-04-28,3.8,STEEP_HIGH_RATE,HIGH
2010-04-29,3.76,STEEP_HIGH_RATE,HIGH
2010-04-30,3.69,STEEP_HIGH_RATE,HIGH
2010-05-03,3.72,STEEP_HIGH_RATE,HIGH
2010-05-04,3.63,STEEP_HIGH_RATE,HIGH
2010-05-05,3.58,STEEP_HIGH_RATE,HIGH
2010-05-06,3.41,STEEP_HIGH_RATE,HIGH
2010-05-07,3.45,STEEP_HIGH_RATE,HIGH
2010-05-10,3.57,STEEP_HIGH_RATE,HIGH
2010-05-11,3.56,STEEP_HIGH_RATE,HIGH
2010-05-12,3.56,STEEP_HIGH_RATE,HIGH
2010-05-13,3.55,STEEP_HIGH_RATE,HIGH
2010-05-14,3.44,STEEP_HIGH_RATE,HIGH
2010-05-17,3.47,STEEP_HIGH_RATE,HIGH
2010-05-18,3.38,STEEP_HIGH_RATE,HIGH
2010-05-19,3.36,STEEP_HIGH_RATE,HIGH
2010-05-20,3.25,STEEP_HIGH_RATE,HIGH
2010-05-21,3.2,STEEP_HIGH_RATE,HIGH
2010-05-24,3.23,STEEP_HIGH_RATE,HIGH
2010-05-25,3.18,STEEP_HIGH_RATE,HIGH
2010-05-26,3.21,STEEP_HIGH_RATE,HIGH
2010-05-27,3.34,STEEP_HIGH_RATE,HIGH
2010-05-28,3.31,STEEP_HIGH_RATE,HIGH
2010-06-01,3.29,STEEP_HIGH_RATE,HIGH
2010-06-02,3.35,STEEP_HIGH_RATE,HIGH
2010-06-03,3.39,STEEP_HIGH_RATE,HIGH
2010-06-04,3.2,STEEP_HIGH_RATE,HIGH
2010-06-07,3.17,STEEP_HIGH_RATE,HIGH
2010-06-08,3.18,STEEP_HIGH_RATE,HIGH
2010-06-09,3.2,STEEP_HIGH_RATE,HIGH
2010-06-10,3.33,STEEP_HIGH_RATE,HIGH
2010-06-11,3.24,STEEP_HIGH_RATE,HIGH
2010-06-14,3.28,STEEP_HIGH_RATE,HIGH
2010-06-15,3.32,STEEP_HIGH_RATE,HIGH
2010-06-16,3.27,STEEP_HIGH_RATE,HIGH
2010-06-17,3.21,STEEP_HIGH_RATE,HIGH
2010-06-18,3.24,STEEP_HIGH_RATE,HIGH
2010-06-21,3.26,STEEP_HIGH_RATE,HIGH
2010-06-22,3.18,STEEP_HIGH_RATE,HIGH
2010-06-23,3.13,STEEP_HIGH_RATE,HIGH
2010-06-24,3.14,STEEP_HIGH_RATE,HIGH
2010-06-25,3.12,STEEP_HIGH_RATE,HIGH
2010-06-28,3.05,STEEP_HIGH_RATE,MID
2010-06-29,2.97,STEEP_HIGH_RATE,MID
2010-06-30,2.97,STEEP_HIGH_RATE,MID
2010-07-01,2.96,STEEP_MID_RATE,MID
2010-07-02,3.0,STEEP_MID_RATE,MID
2010-07-06,2.95,STEEP_MID_RATE,MID
2010-07-07,3.0,STEEP_MID_RATE,MID
2010-07-08,3.04,STEEP_MID_RATE,MID
2010-07-09,3.07,STEEP_MID_RATE,MID
2010-07-12,3.08,STEEP_MID_RATE,MID
2010-07-13,3.15,STEEP_MID_RATE,MID
2010-07-14,3.07,STEEP_MID_RATE,MID
2010-07-15,3.0,STEEP_MID_RATE,MID
2010-07-16,2.96,STEEP_MID_RATE,MID
2010-07-19,2.99,STEEP_MID_RATE,MID
2010-07-20,2.98,STEEP_MID_RATE,MID
2010-07-21,2.9,STEEP_MID_RATE,MID
2010-07-22,2.96,STEEP_MID_RATE,MID
2010-07-23,3.02,STEEP_MID_RATE,MID
2010-07-26,3.03,STEEP_MID_RATE,MID
2010-07-27,3.08,STEEP_MID_RATE,MID
2010-07-28,3.03,STEEP_MID_RATE,MID
2010-07-29,3.03,STEEP_MID_RATE,MID
2010-07-30,2.94,STEEP_MID_RATE,MID
2010-08-02,2.99,STEEP_MID_RATE,MID
2010-08-03,2.94,STEEP_MID_RATE,MID
2010-08-04,2.98,STEEP_MID_RATE,MID
2010-08-05,2.94,STEEP_MID_RATE,MID
2010-08-06,2.86,STEEP_MID_RATE,MID
2010-08-09,2.86,STEEP_MID_RATE,MID
2010-08-10,2.79,STEEP_MID_RATE,MID
2010-08-11,2.72,STEEP_MID_RATE,MID
2010-08-12,2.74,STEEP_MID_RATE,MID
2010-08-13,2.68,STEEP_MID_RATE,MID
2010-08-16,2.58,STEEP_MID_RATE,MID
2010-08-17,2.64,STEEP_MID_RATE,MID
2010-08-18,2.64,STEEP_MID_RATE,MID
2010-08-19,2.58,STEEP_MID_RATE,MID
2010-08-20,2.62,STEEP_MID_RATE,MID
2010-08-23,2.6,STEEP_MID_RATE,MID
2010-08-24,2.5,STEEP_MID_RATE,MID
2010-08-25,2.54,STEEP_MID_RATE,MID
2010-08-26,2.5,STEEP_MID_RATE,MID
2010-08-27,2.66,STEEP_MID_RATE,MID
2010-08-30,2.54,STEEP_MID_RATE,MID
2010-08-31,2.47,STEEP_MID_RATE,MID
2010-09-01,2.58,STEEP_MID_RATE,MID
2010-09-02,2.63,STEEP_MID_RATE,MID
2010-09-03,2.72,STEEP_MID_RATE,MID
2010-09-07,2.61,STEEP_MID_RATE,MID
2010-09-08,2.66,STEEP_MID_RATE,MID
2010-09-09,2.77,STEEP_MID_RATE,MID
2010-09-10,2.81,STEEP_MID_RATE,MID
2010-09-13,2.74,STEEP_MID_RATE,MID
2010-09-14,2.68,STEEP_MID_RATE,MID
2010-09-15,2.74,STEEP_MID_RATE,MID
2010-09-16,2.77,STEEP_MID_RATE,MID
2010-09-17,2.75,STEEP_MID_RATE,MID
2010-09-20,2.72,STEEP_MID_RATE,MID
2010-09-21,2.61,STEEP_MID_RATE,MID
2010-09-22,2.56,STEEP_MID_RATE,MID
2010-09-23,2.56,STEEP_MID_RATE,MID
2010-09-24,2.62,STEEP_MID_RATE,MID
2010-09-27,2.54,STEEP_MID_RATE,MID
2010-09-28,2.48,STEEP_MID_RATE,MID
2010-09-29,2.52,STEEP_MID_RATE,MID
2010-09-30,2.53,STEEP_MID_RATE,MID
2010-10-01,2.54,STEEP_MID_RATE,MID
2010-10-04,2.5,STEEP_MID_RATE,MID
2010-10-05,2.5,STEEP_MID_RATE,MID
2010-10-06,2.41,STEEP_MID_RATE,MID
2010-10-07,2.41,STEEP_MID_RATE,MID
2010-10-08,2.41,STEEP_MID_RATE,MID
2010-10-11,2.41,STEEP_MID_RATE,MID
2010-10-12,2.44,STEEP_MID_RATE,MID
2010-10-13,2.46,STEEP_MID_RATE,MID
2010-10-14,2.52,STEEP_MID_RATE,MID
2010-10-15,2.59,STEEP_MID_RATE,MID
2010-10-18,2.52,STEEP_MID_RATE,MID
2010-10-19,2.5,STEEP_MID_RATE,MID
2010-10-20,2.51,STEEP_MID_RATE,MID
2010-10-21,2.57,STEEP_MID_RATE,MID
2010-10-22,2.59,STEEP_MID_RATE,MID
2010-10-25,2.59,STEEP_MID_RATE,MID
2010-10-26,2.67,STEEP_MID_RATE,MID
2010-10-27,2.75,STEEP_MID_RATE,MID
2010-10-28,2.69,STEEP_MID_RATE,MID
2010-10-29,2.63,STEEP_MID_RATE,MID
2010-11-01,2.66,STEEP_MID_RATE,MID
2010-11-02,2.63,STEEP_MID_RATE,MID
2010-11-03,2.67,STEEP_MID_RATE,MID
2010-11-04,2.53,STEEP_MID_RATE,MID
2010-11-05,2.58,STEEP_MID_RATE,MID
2010-11-08,2.6,STEEP_MID_RATE,MID
2010-11-09,2.72,STEEP_MID_RATE,MID
2010-11-10,2.65,STEEP_MID_RATE,MID
2010-11-11,2.65,STEEP_MID_RATE,MID
2010-11-12,2.76,STEEP_MID_RATE,MID
2010-11-15,2.92,STEEP_MID_RATE,MID
2010-11-16,2.85,STEEP_MID_RATE,MID
2010-11-17,2.89,STEEP_MID_RATE,MID
2010-11-18,2.9,STEEP_MID_RATE,MID
2010-11-19,2.88,STEEP_MID_RATE,MID
2010-11-22,2.8,STEEP_MID_RATE,MID
2010-11-23,2.77,STEEP_MID_RATE,MID
2010-11-24,2.93,STEEP_MID_RATE,MID
2010-11-26,2.87,STEEP_MID_RATE,MID
2010-11-29,2.84,STEEP_MID_RATE,MID
2010-11-30,2.81,STEEP_MID_RATE,MID
2010-12-01,2.97,STEEP_MID_RATE,MID
2010-12-02,3.01,STEEP_MID_RATE,MID
2010-12-03,3.03,STEEP_MID_RATE,MID
2010-12-06,2.95,STEEP_MID_RATE,MID
2010-12-07,3.15,STEEP_MID_RATE,HIGH
2010-12-08,3.26,STEEP_MID_RATE,HIGH
2010-12-09,3.23,STEEP_MID_RATE,HIGH
2010-12-10,3.32,STEEP_HIGH_RATE,HIGH
2010-12-13,3.29,STEEP_HIGH_RATE,HIGH
2010-12-14,3.49,STEEP_HIGH_RATE,HIGH
2010-12-15,3.53,STEEP_HIGH_RATE,HIGH
2010-12-16,3.47,STEEP_HIGH_RATE,HIGH
2010-12-17,3.33,STEEP_HIGH_RATE,HIGH
2010-12-20,3.36,STEEP_HIGH_RATE,HIGH
2010-12-21,3.35,STEEP_HIGH_RATE,HIGH
2010-12-22,3.36,STEEP_HIGH_RATE,HIGH
2010-12-23,3.41,STEEP_HIGH_RATE,HIGH
2010-12-27,3.36,STEEP_HIGH_RATE,HIGH
2010-12-28,3.5,STEEP_HIGH_RATE,HIGH
2010-12-29,3.35,STEEP_HIGH_RATE,HIGH
2010-12-30,3.38,STEEP_HIGH_RATE,HIGH
2010-12-31,3.3,STEEP_HIGH_RATE,HIGH
2011-01-03,3.36,STEEP_HIGH_RATE,HIGH
2011-01-04,3.36,STEEP_HIGH_RATE,HIGH
2011-01-05,3.5,STEEP_HIGH_RATE,HIGH
2011-01-06,3.44,STEEP_HIGH_RATE,HIGH
2011-01-07,3.34,STEEP_HIGH_RATE,HIGH
2011-01-10,3.32,STEEP_HIGH_RATE,HIGH
2011-01-11,3.37,STEEP_HIGH_RATE,HIGH
2011-01-12,3.4,STEEP_HIGH_RATE,HIGH
2011-01-13,3.34,STEEP_HIGH_RATE,HIGH
2011-01-14,3.35,STEEP_HIGH_RATE,HIGH
2011-01-18,3.39,STEEP_HIGH_RATE,HIGH
2011-01-19,3.37,STEEP_HIGH_RATE,HIGH
2011-01-20,3.47,STEEP_HIGH_RATE,HIGH
2011-01-21,3.44,STEEP_HIGH_RATE,HIGH
2011-01-24,3.43,STEEP_HIGH_RATE,HIGH
2011-01-25,3.35,STEEP_HIGH_RATE,HIGH
2011-01-26,3.45,STEEP_HIGH_RATE,HIGH
2011-01-27,3.42,STEEP_HIGH_RATE,HIGH
2011-01-28,3.36,STEEP_HIGH_RATE,HIGH
2011-01-31,3.42,STEEP_HIGH_RATE,HIGH
2011-02-01,3.48,STEEP_HIGH_RATE,HIGH
2011-02-02,3.52,STEEP_HIGH_RATE,HIGH
2011-02-03,3.58,STEEP_HIGH_RATE,HIGH
2011-02-04,3.68,STEEP_HIGH_RATE,HIGH
2011-02-07,3.68,STEEP_HIGH_RATE,HIGH
2011-02-08,3.75,STEEP_HIGH_RATE,HIGH
2011-02-09,3.65,STEEP_HIGH_RATE,HIGH
2011-02-10,3.7,STEEP_HIGH_RATE,HIGH
2011-02-11,3.64,STEEP_HIGH_RATE,HIGH
2011-02-14,3.62,STEEP_HIGH_RATE,HIGH
2011-02-15,3.61,STEEP_HIGH_RATE,HIGH
2011-02-16,3.62,STEEP_HIGH_RATE,HIGH
2011-02-17,3.58,STEEP_HIGH_RATE,HIGH
2011-02-18,3.59,STEEP_HIGH_RATE,HIGH
2011-02-22,3.46,STEEP_HIGH_RATE,HIGH
2011-02-23,3.49,STEEP_HIGH_RATE,HIGH
2011-02-24,3.46,STEEP_HIGH_RATE,HIGH
2011-02-25,3.42,STEEP_HIGH_RATE,HIGH
2011-02-28,3.42,STEEP_HIGH_RATE,HIGH
2011-03-01,3.41,STEEP_HIGH_RATE,HIGH
2011-03-02,3.46,STEEP_HIGH_RATE,HIGH
2011-03-03,3.58,STEEP_HIGH_RATE,HIGH
2011-03-04,3.49,STEEP_HIGH_RATE,HIGH
2011-03-07,3.51,STEEP_HIGH_RATE,HIGH
2011-03-08,3.56,STEEP_HIGH_RATE,HIGH
2011-03-09,3.48,STEEP_HIGH_RATE,HIGH
2011-03-10,3.37,STEEP_HIGH_RATE,HIGH
2011-03-11,3.4,STEEP_HIGH_RATE,HIGH
2011-03-14,3.36,STEEP_HIGH_RATE,HIGH
2011-03-15,3.33,STEEP_HIGH_RATE,HIGH
2011-03-16,3.22,STEEP_HIGH_RATE,HIGH
2011-03-17,3.25,STEEP_HIGH_RATE,HIGH
2011-03-18,3.28,STEEP_HIGH_RATE,HIGH
2011-03-21,3.34,STEEP_HIGH_RATE,HIGH
2011-03-22,3.34,STEEP_HIGH_RATE,HIGH
2011-03-23,3.36,STEEP_HIGH_RATE,HIGH
2011-03-24,3.42,STEEP_HIGH_RATE,HIGH
2011-03-25,3.46,STEEP_HIGH_RATE,HIGH
2011-03-28,3.47,STEEP_HIGH_RATE,HIGH
2011-03-29,3.5,STEEP_HIGH_RATE,HIGH
2011-03-30,3.47,STEEP_HIGH_RATE,HIGH
2011-03-31,3.47,STEEP_HIGH_RATE,HIGH
2011-04-01,3.46,STEEP_HIGH_RATE,HIGH
2011-04-04,3.45,STEEP_HIGH_RATE,HIGH
2011-04-05,3.5,STEEP_HIGH_RATE,HIGH
2011-04-06,3.56,STEEP_HIGH_RATE,HIGH
2011-04-07,3.58,STEEP_HIGH_RATE,HIGH
2011-04-08,3.59,STEEP_HIGH_RATE,HIGH
2011-04-11,3.59,STEEP_HIGH_RATE,HIGH
2011-04-12,3.52,STEEP_HIGH_RATE,HIGH
2011-04-13,3.49,STEEP_HIGH_RATE,HIGH
2011-04-14,3.51,STEEP_HIGH_RATE,HIGH
2011-04-15,3.43,STEEP_HIGH_RATE,HIGH
2011-04-18,3.4,STEEP_HIGH_RATE,HIGH
2011-04-19,3.39,STEEP_HIGH_RATE,HIGH
2011-04-20,3.43,STEEP_HIGH_RATE,HIGH
2011-04-21,3.42,STEEP_HIGH_RATE,HIGH
2011-04-25,3.39,STEEP_HIGH_RATE,HIGH
2011-04-26,3.34,STEEP_HIGH_RATE,HIGH
2011-04-27,3.39,STEEP_HIGH_RATE,HIGH
2011-04-28,3.34,STEEP_HIGH_RATE,HIGH
2011-04-29,3.32,STEEP_HIGH_RATE,HIGH
2011-05-02,3.31,STEEP_HIGH_RATE,HIGH
2011-05-03,3.28,STEEP_HIGH_RATE,HIGH
2011-05-04,3.25,STEEP_HIGH_RATE,HIGH
2011-05-05,3.18,STEEP_HIGH_RATE,HIGH
2011-05-06,3.19,STEEP_HIGH_RATE,HIGH
2011-05-09,3.17,STEEP_HIGH_RATE,HIGH
2011-05-10,3.23,STEEP_HIGH_RATE,HIGH
2011-05-11,3.19,STEEP_HIGH_RATE,HIGH
2011-05-12,3.22,STEEP_HIGH_RATE,HIGH
2011-05-13,3.18,STEEP_HIGH_RATE,HIGH
2011-05-16,3.15,STEEP_HIGH_RATE,HIGH
2011-05-17,3.12,STEEP_HIGH_RATE,HIGH
2011-05-18,3.18,STEEP_HIGH_RATE,HIGH
2011-05-19,3.17,STEEP_HIGH_RATE,HIGH
2011-05-20,3.15,STEEP_HIGH_RATE,HIGH
2011-05-23,3.13,STEEP_HIGH_RATE,HIGH
2011-05-24,3.12,STEEP_HIGH_RATE,HIGH
2011-05-25,3.13,STEEP_HIGH_RATE,HIGH
2011-05-26,3.07,STEEP_HIGH_RATE,MID
2011-05-27,3.07,STEEP_HIGH_RATE,MID
2011-05-31,3.05,STEEP_HIGH_RATE,MID
2011-06-01,2.96,STEEP_HIGH_RATE,MID
2011-06-02,3.04,STEEP_HIGH_RATE,MID
2011-06-03,2.99,STEEP_MID_RATE,MID
2011-06-06,3.01,STEEP_MID_RATE,MID
2011-06-07,3.01,STEEP_MID_RATE,MID
2011-06-08,2.98,STEEP_MID_RATE,MID
2011-06-09,3.01,STEEP_MID_RATE,MID
2011-06-10,2.99,STEEP_MID_RATE,MID
2011-06-13,3.0,STEEP_MID_RATE,MID
2011-06-14,3.11,STEEP_MID_RATE,MID
2011-06-15,2.98,STEEP_MID_RATE,MID
2011-06-16,2.93,STEEP_MID_RATE,MID
2011-06-17,2.94,STEEP_MID_RATE,MID
2011-06-20,2.97,STEEP_MID_RATE,MID
2011-06-21,2.99,STEEP_MID_RATE,MID
2011-06-22,3.01,STEEP_MID_RATE,MID
2011-06-23,2.93,STEEP_MID_RATE,MID
2011-06-24,2.88,STEEP_MID_RATE,MID
2011-06-27,2.95,STEEP_MID_RATE,MID
2011-06-28,3.05,STEEP_MID_RATE,MID
2011-06-29,3.14,STEEP_MID_RATE,MID
2011-06-30,3.18,STEEP_MID_RATE,MID
2011-07-01,3.22,STEEP_MID_RATE,MID
2011-07-05,3.16,STEEP_MID_RATE,MID
2011-07-06,3.12,STEEP_HIGH_RATE,MID
2011-07-07,3.17,STEEP_HIGH_RATE,MID
2011-07-08,3.03,STEEP_HIGH_RATE,MID
2011-07-11,2.94,STEEP_HIGH_RATE,MID
2011-07-12,2.92,STEEP_HIGH_RATE,MID
2011-07-13,2.92,STEEP_MID_RATE,MID
2011-07-14,2.98,STEEP_MID_RATE,MID
2011-07-15,2.94,STEEP_MID_RATE,MID
2011-07-18,2.94,STEEP_MID_RATE,MID
2011-07-19,2.91,STEEP_MID_RATE,MID
2011-07-20,2.96,STEEP_MID_RATE,MID
2011-07-21,3.03,STEEP_MID_RATE,MID
2011-07-22,2.99,STEEP_MID_RATE,MID
2011-07-25,3.03,STEEP_MID_RATE,MID
2011-07-26,2.99,STEEP_MID_RATE,MID
2011-07-27,3.01,STEEP_MID_RATE,MID
2011-07-28,2.98,STEEP_MID_RATE,MID
2011-07-29,2.82,STEEP_MID_RATE,MID
2011-08-01,2.77,STEEP_MID_RATE,MID
2011-08-02,2.66,STEEP_MID_RATE,MID
2011-08-03,2.64,STEEP_MID_RATE,MID
2011-08-04,2.47,STEEP_MID_RATE,MID
2011-08-05,2.58,STEEP_MID_RATE,MID
2011-08-08,2.4,STEEP_MID_RATE,MID
2011-08-09,2.2,STEEP_MID_RATE,MID
2011-08-10,2.17,STEEP_MID_RATE,MID
2011-08-11,2.34,STEEP_MID_RATE,MID
2011-08-12,2.24,STEEP_MID_RATE,MID
2011-08-15,2.29,STEEP_MID_RATE,MID
2011-08-16,2.23,STEEP_MID_RATE,MID
2011-08-17,2.17,STEEP_MID_RATE,MID
2011-08-18,2.08,STEEP_MID_RATE,MID
2011-08-19,2.07,STEEP_MID_RATE,MID
2011-08-22,2.1,STEEP_MID_RATE,MID
2011-08-23,2.15,STEEP_MID_RATE,MID
2011-08-24,2.29,STEEP_MID_RATE,MID
2011-08-25,2.23,STEEP_MID_RATE,MID
2011-08-26,2.19,STEEP_MID_RATE,MID
2011-08-29,2.28,STEEP_MID_RATE,MID
2011-08-30,2.19,STEEP_MID_RATE,MID
2011-08-31,2.23,STEEP_MID_RATE,MID
2011-09-01,2.15,STEEP_MID_RATE,MID
2011-09-02,2.02,STEEP_MID_RATE,LOW
2011-09-06,1.98,STEEP_MID_RATE,LOW
2011-09-07,2.05,STEEP_MID_RATE,LOW
2011-09-08,2.0,STEEP_LOW_RATE,LOW
2011-09-09,1.93,STEEP_LOW_RATE,LOW
2011-09-12,1.94,STEEP_LOW_RATE,LOW
2011-09-13,2.0,STEEP_LOW_RATE,LOW
2011-09-14,2.03,STEEP_LOW_RATE,LOW
2011-09-15,2.09,STEEP_LOW_RATE,LOW
2011-09-16,2.08,STEEP_LOW_RATE,LOW
2011-09-19,1.97,STEEP_LOW_RATE,LOW
2011-09-20,1.95,STEEP_LOW_RATE,LOW
2011-09-21,1.88,STEEP_LOW_RATE,LOW
2011-09-22,1.72,STEEP_LOW_RATE,LOW
2011-09-23,1.84,STEEP_LOW_RATE,LOW
2011-09-26,1.91,STEEP_LOW_RATE,LOW
2011-09-27,2.0,STEEP_LOW_RATE,LOW
2011-09-28,2.03,STEEP_LOW_RATE,LOW
2011-09-29,1.99,STEEP_LOW_RATE,LOW
2011-09-30,1.92,STEEP_LOW_RATE,LOW
2011-10-03,1.8,STEEP_LOW_RATE,LOW
2011-10-04,1.81,STEEP_LOW_RATE,LOW
2011-10-05,1.92,STEEP_LOW_RATE,LOW
2011-10-06,2.01,STEEP_LOW_RATE,LOW
2011-10-07,2.1,STEEP_LOW_RATE,LOW
2011-10-10,2.1,STEEP_LOW_RATE,LOW
2011-10-11,2.18,STEEP_LOW_RATE,MID
2011-10-12,2.24,STEEP_LOW_RATE,MID
2011-10-13,2.19,STEEP_LOW_RATE,MID
2011-10-14,2.26,STEEP_LOW_RATE,MID
2011-10-17,2.18,STEEP_LOW_RATE,MID
2011-10-18,2.19,STEEP_LOW_RATE,MID
2011-10-19,2.18,STEEP_LOW_RATE,MID
2011-10-20,2.2,STEEP_LOW_RATE,MID
2011-10-21,2.23,STEEP_LOW_RATE,MID
2011-10-24,2.25,STEEP_LOW_RATE,MID
2011-10-25,2.14,STEEP_LOW_RATE,MID
2011-10-26,2.23,STEEP_LOW_RATE,MID
2011-10-27,2.42,STEEP_LOW_RATE,MID
2011-10-28,2.34,STEEP_LOW_RATE,MID
2011-10-31,2.17,STEEP_MID_RATE,MID
2011-11-01,2.01,STEEP_MID_RATE,LOW
2011-11-02,2.03,STEEP_MID_RATE,LOW
2011-11-03,2.09,STEEP_MID_RATE,LOW
2011-11-04,2.06,STEEP_MID_RATE,LOW
2011-11-07,2.04,STEEP_MID_RATE,LOW
2011-11-08,2.1,STEEP_MID_RATE,LOW
2011-11-09,2.0,STEEP_MID_RATE,LOW
2011-11-10,2.04,STEEP_MID_RATE,LOW
2011-11-11,2.04,STEEP_LOW_RATE,LOW
2011-11-14,2.04,STEEP_LOW_RATE,LOW
2011-11-15,2.06,STEEP_LOW_RATE,LOW
2011-11-16,2.01,STEEP_LOW_RATE,LOW
2011-11-17,1.96,STEEP_LOW_RATE,LOW
2011-11-18,2.01,STEEP_LOW_RATE,LOW
2011-11-21,1.97,STEEP_LOW_RATE,LOW
2011-11-22,1.94,STEEP_LOW_RATE,LOW
2011-11-23,1.89,STEEP_LOW_RATE,LOW
2011-11-25,1.97,STEEP_LOW_RATE,LOW
2011-11-28,1.97,STEEP_LOW_RATE,LOW
2011-11-29,2.0,STEEP_LOW_RATE,LOW
2011-11-30,2.08,STEEP_LOW_RATE,LOW
2011-12-01,2.11,STEEP_LOW_RATE,LOW
2011-12-02,2.05,STEEP_LOW_RATE,LOW
2011-12-05,2.04,STEEP_LOW_RATE,LOW
2011-12-06,2.08,STEEP_LOW_RATE,LOW
2011-12-07,2.02,STEEP_LOW_RATE,LOW
2011-12-08,1.99,STEEP_LOW_RATE,LOW
2011-12-09,2.07,STEEP_LOW_RATE,LOW
2011-12-12,2.03,STEEP_LOW_RATE,LOW
2011-12-13,1.96,STEEP_LOW_RATE,LOW
2011-12-14,1.92,STEEP_LOW_RATE,LOW
2011-12-15,1.92,STEEP_LOW_RATE,LOW
2011-12-16,1.86,STEEP_LOW_RATE,LOW
2011-12-19,1.82,STEEP_LOW_RATE,LOW
2011-12-20,1.94,STEEP_LOW_RATE,LOW
2011-12-21,1.98,STEEP_LOW_RATE,LOW
2011-12-22,1.97,STEEP_LOW_RATE,LOW
2011-12-23,2.03,STEEP_LOW_RATE,LOW
2011-12-27,2.02,STEEP_LOW_RATE,LOW
2011-12-28,1.93,STEEP_LOW_RATE,LOW
2011-12-29,1.91,STEEP_LOW_RATE,LOW
2011-12-30,1.89,STEEP_LOW_RATE,LOW
2012-01-03,1.97,STEEP_LOW_RATE,LOW
2012-01-04,2.0,STEEP_LOW_RATE,LOW
2012-01-05,2.02,STEEP_LOW_RATE,LOW
2012-01-06,1.98,STEEP_LOW_RATE,LOW
2012-01-09,1.98,STEEP_LOW_RATE,LOW
2012-01-10,2.0,STEEP_LOW_RATE,LOW
2012-01-11,1.93,STEEP_LOW_RATE,LOW
2012-01-12,1.94,STEEP_LOW_RATE,LOW
2012-01-13,1.89,STEEP_LOW_RATE,LOW
2012-01-17,1.87,STEEP_LOW_RATE,LOW
2012-01-18,1.92,STEEP_LOW_RATE,LOW
2012-01-19,2.01,STEEP_LOW_RATE,LOW
2012-01-20,2.05,STEEP_LOW_RATE,LOW
2012-01-23,2.09,STEEP_LOW_RATE,LOW
2012-01-24,2.08,STEEP_LOW_RATE,LOW
2012-01-25,2.01,STEEP_LOW_RATE,LOW
2012-01-26,1.96,STEEP_LOW_RATE,LOW
2012-01-27,1.93,STEEP_LOW_RATE,LOW
2012-01-30,1.87,STEEP_LOW_RATE,LOW
2012-01-31,1.83,STEEP_LOW_RATE,LOW
2012-02-01,1.87,STEEP_LOW_RATE,LOW
2012-02-02,1.86,STEEP_LOW_RATE,LOW
2012-02-03,1.97,STEEP_LOW_RATE,LOW
2012-02-06,1.93,STEEP_LOW_RATE,LOW
2012-02-07,2.0,STEEP_LOW_RATE,LOW
2012-02-08,2.01,STEEP_LOW_RATE,LOW
2012-02-09,2.04,STEEP_LOW_RATE,LOW
2012-02-10,1.96,STEEP_LOW_RATE,LOW
2012-02-13,1.99,STEEP_LOW_RATE,LOW
2012-02-14,1.92,STEEP_LOW_RATE,LOW
2012-02-15,1.93,STEEP_LOW_RATE,LOW
2012-02-16,1.99,STEEP_LOW_RATE,LOW
2012-02-17,2.01,STEEP_LOW_RATE,LOW
2012-02-21,2.05,STEEP_LOW_RATE,LOW
2012-02-22,2.01,STEEP_LOW_RATE,LOW
2012-02-23,1.99,STEEP_LOW_RATE,LOW
2012-02-24,1.98,STEEP_LOW_RATE,LOW
2012-02-27,1.92,STEEP_LOW_RATE,LOW
2012-02-28,1.94,STEEP_LOW_RATE,LOW
2012-02-29,1.98,STEEP_LOW_RATE,LOW
2012-03-01,2.03,STEEP_LOW_RATE,LOW
2012-03-02,1.99,STEEP_LOW_RATE,LOW
2012-03-05,2.0,STEEP_LOW_RATE,LOW
2012-03-06,1.96,STEEP_LOW_RATE,LOW
2012-03-07,1.98,STEEP_LOW_RATE,LOW
2012-03-08,2.03,STEEP_LOW_RATE,LOW
2012-03-09,2.04,STEEP_LOW_RATE,LOW
2012-03-12,2.04,STEEP_LOW_RATE,LOW
2012-03-13,2.14,STEEP_LOW_RATE,LOW
2012-03-14,2.29,STEEP_LOW_RATE,MID
2012-03-15,2.29,STEEP_LOW_RATE,MID
2012-03-16,2.31,STEEP_LOW_RATE,MID
2012-03-19,2.39,STEEP_LOW_RATE,MID
2012-03-20,2.38,STEEP_MID_RATE,MID
2012-03-21,2.31,STEEP_MID_RATE,MID
2012-03-22,2.29,STEEP_MID_RATE,MID
2012-03-23,2.25,STEEP_MID_RATE,MID
2012-03-26,2.26,STEEP_MID_RATE,MID
2012-03-27,2.2,STEEP_MID_RATE,MID
2012-03-28,2.21,STEEP_MID_RATE,MID
2012-03-29,2.18,STEEP_MID_RATE,MID
2012-03-30,2.23,STEEP_MID_RATE,MID
2012-04-02,2.22,STEEP_MID_RATE,MID
2012-04-03,2.3,STEEP_MID_RATE,MID
2012-04-04,2.25,STEEP_MID_RATE,MID
2012-04-05,2.19,STEEP_MID_RATE,MID
2012-04-09,2.06,STEEP_MID_RATE,LOW
2012-04-10,2.01,STEEP_MID_RATE,LOW
2012-04-11,2.05,STEEP_MID_RATE,LOW
2012-04-12,2.08,STEEP_MID_RATE,LOW
2012-04-13,2.02,STEEP_MID_RATE,LOW
2012-04-16,2.0,STEEP_MID_RATE,LOW
2012-04-17,2.03,STEEP_MID_RATE,LOW
2012-04-18,2.0,STEEP_LOW_RATE,LOW
2012-04-19,1.98,STEEP_LOW_RATE,LOW
2012-04-20,1.99,STEEP_LOW_RATE,LOW
2012-04-23,1.96,STEEP_LOW_RATE,LOW
2012-04-24,2.0,STEEP_LOW_RATE,LOW
2012-04-25,2.01,STEEP_LOW_RATE,LOW
2012-04-26,1.98,STEEP_LOW_RATE,LOW
2012-04-27,1.96,STEEP_LOW_RATE,LOW
2012-04-30,1.95,STEEP_LOW_RATE,LOW
2012-05-01,1.98,STEEP_LOW_RATE,LOW
2012-05-02,1.96,STEEP_LOW_RATE,LOW
2012-05-03,1.96,STEEP_LOW_RATE,LOW
2012-05-04,1.91,STEEP_LOW_RATE,LOW
2012-05-07,1.92,STEEP_LOW_RATE,LOW
2012-05-08,1.88,STEEP_LOW_RATE,LOW
2012-05-09,1.87,STEEP_LOW_RATE,LOW
2012-05-10,1.89,STEEP_LOW_RATE,LOW
2012-05-11,1.84,STEEP_LOW_RATE,LOW
2012-05-14,1.78,STEEP_LOW_RATE,LOW
2012-05-15,1.76,STEEP_LOW_RATE,LOW
2012-05-16,1.76,STEEP_LOW_RATE,LOW
2012-05-17,1.7,STEEP_LOW_RATE,LOW
2012-05-18,1.71,STEEP_LOW_RATE,LOW
2012-05-21,1.75,STEEP_LOW_RATE,LOW
2012-05-22,1.79,STEEP_LOW_RATE,LOW
2012-05-23,1.73,STEEP_LOW_RATE,LOW
2012-05-24,1.77,STEEP_LOW_RATE,LOW
2012-05-25,1.75,STEEP_LOW_RATE,LOW
2012-05-29,1.74,STEEP_LOW_RATE,LOW
2012-05-30,1.63,STEEP_LOW_RATE,LOW
2012-05-31,1.59,STEEP_LOW_RATE,LOW
2012-06-01,1.47,STEEP_LOW_RATE,LOW
2012-06-04,1.53,STEEP_LOW_RATE,LOW
2012-06-05,1.57,STEEP_LOW_RATE,LOW
2012-06-06,1.66,STEEP_LOW_RATE,LOW
2012-06-07,1.66,STEEP_LOW_RATE,LOW
2012-06-08,1.65,STEEP_LOW_RATE,LOW
2012-06-11,1.6,STEEP_LOW_RATE,LOW
2012-06-12,1.67,STEEP_LOW_RATE,LOW
2012-06-13,1.61,STEEP_LOW_RATE,LOW
2012-06-14,1.64,STEEP_LOW_RATE,LOW
2012-06-15,1.6,STEEP_LOW_RATE,LOW
2012-06-18,1.59,STEEP_LOW_RATE,LOW
2012-06-19,1.64,STEEP_LOW_RATE,LOW
2012-06-20,1.65,STEEP_LOW_RATE,LOW
2012-06-21,1.63,STEEP_LOW_RATE,LOW
2012-06-22,1.69,STEEP_LOW_RATE,LOW
2012-06-25,1.63,STEEP_LOW_RATE,LOW
2012-06-26,1.66,STEEP_LOW_RATE,LOW
2012-06-27,1.65,STEEP_LOW_RATE,LOW
2012-06-28,1.6,STEEP_LOW_RATE,LOW
2012-06-29,1.67,STEEP_LOW_RATE,LOW
2012-07-02,1.61,STEEP_LOW_RATE,LOW
2012-07-03,1.65,STEEP_LOW_RATE,LOW
2012-07-05,1.62,STEEP_LOW_RATE,LOW
2012-07-06,1.57,STEEP_LOW_RATE,LOW
2012-07-09,1.53,STEEP_LOW_RATE,LOW
2012-07-10,1.53,STEEP_LOW_RATE,LOW
2012-07-11,1.54,STEEP_LOW_RATE,LOW
2012-07-12,1.5,STEEP_LOW_RATE,LOW
2012-07-13,1.52,STEEP_LOW_RATE,LOW
2012-07-16,1.5,STEEP_LOW_RATE,LOW
2012-07-17,1.53,STEEP_LOW_RATE,LOW
2012-07-18,1.52,STEEP_LOW_RATE,LOW
2012-07-19,1.54,STEEP_LOW_RATE,LOW
2012-07-20,1.49,STEEP_LOW_RATE,LOW
2012-07-23,1.47,STEEP_LOW_RATE,LOW
2012-07-24,1.44,STEEP_LOW_RATE,LOW
2012-07-25,1.43,STEEP_LOW_RATE,LOW
2012-07-26,1.45,STEEP_LOW_RATE,LOW
2012-07-27,1.58,STEEP_LOW_RATE,LOW
2012-07-30,1.53,STEEP_LOW_RATE,LOW
2012-07-31,1.51,STEEP_LOW_RATE,LOW
2012-08-01,1.56,STEEP_LOW_RATE,LOW
2012-08-02,1.51,STEEP_LOW_RATE,LOW
2012-08-03,1.6,STEEP_LOW_RATE,LOW
2012-08-06,1.59,STEEP_LOW_RATE,LOW
2012-08-07,1.66,STEEP_LOW_RATE,LOW
2012-08-08,1.68,STEEP_LOW_RATE,LOW
2012-08-09,1.69,STEEP_LOW_RATE,LOW
2012-08-10,1.65,STEEP_LOW_RATE,LOW
2012-08-13,1.65,STEEP_LOW_RATE,LOW
2012-08-14,1.73,STEEP_LOW_RATE,LOW
2012-08-15,1.8,STEEP_LOW_RATE,LOW
2012-08-16,1.83,STEEP_LOW_RATE,LOW
2012-08-17,1.81,STEEP_LOW_RATE,LOW
2012-08-20,1.82,STEEP_LOW_RATE,LOW
2012-08-21,1.8,STEEP_LOW_RATE,LOW
2012-08-22,1.71,STEEP_LOW_RATE,LOW
2012-08-23,1.68,STEEP_LOW_RATE,LOW
2012-08-24,1.68,STEEP_LOW_RATE,LOW
2012-08-27,1.65,STEEP_LOW_RATE,LOW
2012-08-28,1.64,STEEP_LOW_RATE,LOW
2012-08-29,1.66,STEEP_LOW_RATE,LOW
2012-08-30,1.63,STEEP_LOW_RATE,LOW
2012-08-31,1.57,STEEP_LOW_RATE,LOW
2012-09-04,1.59,STEEP_LOW_RATE,LOW
2012-09-05,1.6,STEEP_LOW_RATE,LOW
2012-09-06,1.68,STEEP_LOW_RATE,LOW
2012-09-07,1.67,STEEP_LOW_RATE,LOW
2012-09-10,1.68,STEEP_LOW_RATE,LOW
2012-09-11,1.7,STEEP_LOW_RATE,LOW
2012-09-12,1.77,STEEP_LOW_RATE,LOW
2012-09-13,1.75,STEEP_LOW_RATE,LOW
2012-09-14,1.88,STEEP_LOW_RATE,LOW
2012-09-17,1.85,STEEP_LOW_RATE,LOW
2012-09-18,1.82,STEEP_LOW_RATE,LOW
2012-09-19,1.79,STEEP_LOW_RATE,LOW
2012-09-20,1.8,STEEP_LOW_RATE,LOW
2012-09-21,1.77,STEEP_LOW_RATE,LOW
2012-09-24,1.74,STEEP_LOW_RATE,LOW
2012-09-25,1.7,STEEP_LOW_RATE,LOW
2012-09-26,1.64,STEEP_LOW_RATE,LOW
2012-09-27,1.66,STEEP_LOW_RATE,LOW
2012-09-28,1.65,STEEP_LOW_RATE,LOW
2012-10-01,1.64,STEEP_LOW_RATE,LOW
2012-10-02,1.64,STEEP_LOW_RATE,LOW
2012-10-03,1.64,STEEP_LOW_RATE,LOW
2012-10-04,1.7,STEEP_LOW_RATE,LOW
2012-10-05,1.75,STEEP_LOW_RATE,LOW
2012-10-08,1.75,STEEP_LOW_RATE,LOW
2012-10-09,1.74,STEEP_LOW_RATE,LOW
2012-10-10,1.72,STEEP_LOW_RATE,LOW
2012-10-11,1.7,STEEP_LOW_RATE,LOW
2012-10-12,1.69,STEEP_LOW_RATE,LOW
2012-10-15,1.7,STEEP_LOW_RATE,LOW
2012-10-16,1.75,STEEP_LOW_RATE,LOW
2012-10-17,1.83,STEEP_LOW_RATE,LOW
2012-10-18,1.86,STEEP_LOW_RATE,LOW
2012-10-19,1.79,STEEP_LOW_RATE,LOW
2012-10-22,1.83,STEEP_LOW_RATE,LOW
2012-10-23,1.79,STEEP_LOW_RATE,LOW
2012-10-24,1.8,STEEP_LOW_RATE,LOW
2012-10-25,1.86,STEEP_LOW_RATE,LOW
2012-10-26,1.78,STEEP_LOW_RATE,LOW
2012-10-31,1.72,STEEP_LOW_RATE,LOW
2012-11-01,1.75,STEEP_LOW_RATE,LOW
2012-11-02,1.75,STEEP_LOW_RATE,LOW
2012-11-05,1.72,STEEP_LOW_RATE,LOW
2012-11-06,1.78,STEEP_LOW_RATE,LOW
2012-11-07,1.68,STEEP_LOW_RATE,LOW
2012-11-08,1.62,STEEP_LOW_RATE,LOW
2012-11-09,1.61,STEEP_LOW_RATE,LOW
2012-11-12,1.61,STEEP_LOW_RATE,LOW
2012-11-13,1.59,STEEP_LOW_RATE,LOW
2012-11-14,1.59,STEEP_LOW_RATE,LOW
2012-11-15,1.58,STEEP_LOW_RATE,LOW
2012-11-16,1.58,STEEP_LOW_RATE,LOW
2012-11-19,1.61,STEEP_LOW_RATE,LOW
2012-11-20,1.66,STEEP_LOW_RATE,LOW
2012-11-21,1.69,STEEP_LOW_RATE,LOW
2012-11-23,1.7,STEEP_LOW_RATE,LOW
2012-11-26,1.66,STEEP_LOW_RATE,LOW
2012-11-27,1.64,STEEP_LOW_RATE,LOW
2012-11-28,1.63,STEEP_LOW_RATE,LOW
2012-11-29,1.62,STEEP_LOW_RATE,LOW
2012-11-30,1.62,STEEP_LOW_RATE,LOW
2012-12-03,1.63,STEEP_LOW_RATE,LOW
2012-12-04,1.62,STEEP_LOW_RATE,LOW
2012-12-05,1.6,STEEP_LOW_RATE,LOW
2012-12-06,1.59,STEEP_LOW_RATE,LOW
2012-12-07,1.64,STEEP_LOW_RATE,LOW
2012-12-10,1.63,STEEP_LOW_RATE,LOW
2012-12-11,1.66,STEEP_LOW_RATE,LOW
2012-12-12,1.72,STEEP_LOW_RATE,LOW
2012-12-13,1.74,STEEP_LOW_RATE,LOW
2012-12-14,1.72,STEEP_LOW_RATE,LOW
2012-12-17,1.78,STEEP_LOW_RATE,LOW
2012-12-18,1.84,STEEP_LOW_RATE,LOW
2012-12-19,1.82,STEEP_LOW_RATE,LOW
2012-12-20,1.81,STEEP_LOW_RATE,LOW
2012-12-21,1.77,STEEP_LOW_RATE,LOW
2012-12-24,1.79,STEEP_LOW_RATE,LOW
2012-12-26,1.77,STEEP_LOW_RATE,LOW
2012-12-27,1.74,STEEP_LOW_RATE,LOW
2012-12-28,1.73,STEEP_LOW_RATE,LOW
2012-12-31,1.78,STEEP_LOW_RATE,LOW
2013-01-02,1.86,STEEP_LOW_RATE,LOW
2013-01-03,1.92,STEEP_LOW_RATE,LOW
2013-01-04,1.93,STEEP_LOW_RATE,LOW
2013-01-07,1.92,STEEP_LOW_RATE,LOW
2013-01-08,1.89,STEEP_LOW_RATE,LOW
2013-01-09,1.88,STEEP_LOW_RATE,LOW
2013-01-10,1.91,STEEP_LOW_RATE,LOW
2013-01-11,1.89,STEEP_LOW_RATE,LOW
2013-01-14,1.89,STEEP_LOW_RATE,LOW
2013-01-15,1.86,STEEP_LOW_RATE,LOW
2013-01-16,1.84,STEEP_LOW_RATE,LOW
2013-01-17,1.89,STEEP_LOW_RATE,LOW
2013-01-18,1.87,STEEP_LOW_RATE,LOW
2013-01-22,1.86,STEEP_LOW_RATE,LOW
2013-01-23,1.86,STEEP_LOW_RATE,LOW
2013-01-24,1.88,STEEP_LOW_RATE,LOW
2013-01-25,1.98,STEEP_LOW_RATE,LOW
2013-01-28,2.0,STEEP_LOW_RATE,LOW
2013-01-29,2.03,STEEP_LOW_RATE,LOW
2013-01-30,2.03,STEEP_LOW_RATE,LOW
2013-01-31,2.02,STEEP_LOW_RATE,LOW
2013-02-01,2.04,STEEP_LOW_RATE,LOW
2013-02-04,2.0,STEEP_LOW_RATE,LOW
2013-02-05,2.04,STEEP_LOW_RATE,LOW
2013-02-06,2.0,STEEP_LOW_RATE,LOW
2013-02-07,1.99,STEEP_LOW_RATE,LOW
2013-02-08,1.99,STEEP_LOW_RATE,LOW
2013-02-11,1.99,STEEP_LOW_RATE,LOW
2013-02-12,2.02,STEEP_LOW_RATE,LOW
2013-02-13,2.05,STEEP_LOW_RATE,LOW
2013-02-14,2.0,STEEP_LOW_RATE,LOW
2013-02-15,2.01,STEEP_LOW_RATE,LOW
2013-02-19,2.03,STEEP_LOW_RATE,LOW
2013-02-20,2.02,STEEP_LOW_RATE,LOW
2013-02-21,1.99,STEEP_LOW_RATE,LOW
2013-02-22,1.97,STEEP_LOW_RATE,LOW
2013-02-25,1.88,STEEP_LOW_RATE,LOW
2013-02-26,1.88,STEEP_LOW_RATE,LOW
2013-02-27,1.91,STEEP_LOW_RATE,LOW
2013-02-28,1.89,STEEP_LOW_RATE,LOW
2013-03-01,1.86,STEEP_LOW_RATE,LOW
2013-03-04,1.88,STEEP_LOW_RATE,LOW
2013-03-05,1.9,STEEP_LOW_RATE,LOW
2013-03-06,1.95,STEEP_LOW_RATE,LOW
2013-03-07,2.0,STEEP_LOW_RATE,LOW
2013-03-08,2.06,STEEP_LOW_RATE,LOW
2013-03-11,2.07,STEEP_LOW_RATE,LOW
2013-03-12,2.03,STEEP_LOW_RATE,LOW
2013-03-13,2.04,STEEP_LOW_RATE,LOW
2013-03-14,2.04,STEEP_LOW_RATE,LOW
2013-03-15,2.01,STEEP_LOW_RATE,LOW
2013-03-18,1.96,STEEP_LOW_RATE,LOW
2013-03-19,1.92,STEEP_LOW_RATE,LOW
2013-03-20,1.96,STEEP_LOW_RATE,LOW
2013-03-21,1.95,STEEP_LOW_RATE,LOW
2013-03-22,1.93,STEEP_LOW_RATE,LOW
2013-03-25,1.93,STEEP_LOW_RATE,LOW
2013-03-26,1.92,STEEP_LOW_RATE,LOW
2013-03-27,1.87,STEEP_LOW_RATE,LOW
2013-03-28,1.87,STEEP_LOW_RATE,LOW
2013-04-01,1.86,STEEP_LOW_RATE,LOW
2013-04-02,1.88,STEEP_LOW_RATE,LOW
2013-04-03,1.83,STEEP_LOW_RATE,LOW
2013-04-04,1.78,STEEP_LOW_RATE,LOW
2013-04-05,1.72,STEEP_LOW_RATE,LOW
2013-04-08,1.76,STEEP_LOW_RATE,LOW
2013-04-09,1.78,STEEP_LOW_RATE,LOW
2013-04-10,1.84,STEEP_LOW_RATE,LOW
2013-04-11,1.82,STEEP_LOW_RATE,LOW
2013-04-12,1.75,STEEP_LOW_RATE,LOW
2013-04-15,1.72,STEEP_LOW_RATE,LOW
2013-04-16,1.75,STEEP_LOW_RATE,LOW
2013-04-17,1.73,STEEP_LOW_RATE,LOW
2013-04-18,1.72,STEEP_LOW_RATE,LOW
2013-04-19,1.73,STEEP_LOW_RATE,LOW
2013-04-22,1.72,STEEP_LOW_RATE,LOW
2013-04-23,1.74,STEEP_LOW_RATE,LOW
2013-04-24,1.73,STEEP_LOW_RATE,LOW
2013-04-25,1.74,STEEP_LOW_RATE,LOW
2013-04-26,1.7,STEEP_LOW_RATE,LOW
2013-04-29,1.7,STEEP_LOW_RATE,LOW
2013-04-30,1.7,STEEP_LOW_RATE,LOW
2013-05-01,1.66,STEEP_LOW_RATE,LOW
2013-05-02,1.66,STEEP_LOW_RATE,LOW
2013-05-03,1.78,STEEP_LOW_RATE,LOW
2013-05-06,1.8,STEEP_LOW_RATE,LOW
2013-05-07,1.82,STEEP_LOW_RATE,LOW
2013-05-08,1.81,STEEP_LOW_RATE,LOW
2013-05-09,1.81,STEEP_LOW_RATE,LOW
2013-05-10,1.9,STEEP_LOW_RATE,LOW
2013-05-13,1.92,STEEP_LOW_RATE,LOW
2013-05-14,1.96,STEEP_LOW_RATE,LOW
2013-05-15,1.94,STEEP_LOW_RATE,LOW
2013-05-16,1.87,STEEP_LOW_RATE,LOW
2013-05-17,1.95,STEEP_LOW_RATE,LOW
2013-05-20,1.97,STEEP_LOW_RATE,LOW
2013-05-21,1.94,STEEP_LOW_RATE,LOW
2013-05-22,2.03,STEEP_LOW_RATE,LOW
2013-05-23,2.02,STEEP_LOW_RATE,LOW
2013-05-24,2.01,STEEP_LOW_RATE,LOW
2013-05-28,2.15,STEEP_LOW_RATE,LOW
2013-05-29,2.13,STEEP_LOW_RATE,LOW
2013-05-30,2.13,STEEP_LOW_RATE,LOW
2013-05-31,2.16,STEEP_LOW_RATE,LOW
2013-06-03,2.13,STEEP_LOW_RATE,LOW
2013-06-04,2.14,STEEP_LOW_RATE,LOW
2013-06-05,2.1,STEEP_LOW_RATE,LOW
2013-06-06,2.08,STEEP_LOW_RATE,LOW
2013-06-07,2.17,STEEP_LOW_RATE,MID
2013-06-10,2.22,STEEP_LOW_RATE,MID
2013-06-11,2.2,STEEP_LOW_RATE,MID
2013-06-12,2.25,STEEP_LOW_RATE,MID
2013-06-13,2.19,STEEP_LOW_RATE,MID
2013-06-14,2.14,STEEP_LOW_RATE,MID
2013-06-17,2.19,STEEP_LOW_RATE,MID
2013-06-18,2.2,STEEP_LOW_RATE,MID
2013-06-19,2.33,STEEP_LOW_RATE,MID
2013-06-20,2.41,STEEP_LOW_RATE,MID
2013-06-21,2.52,STEEP_MID_RATE,MID
2013-06-24,2.57,STEEP_MID_RATE,MID
2013-06-25,2.6,STEEP_MID_RATE,MID
2013-06-26,2.55,STEEP_MID_RATE,MID
2013-06-27,2.49,STEEP_MID_RATE,MID
2013-06-28,2.52,STEEP_MID_RATE,MID
2013-07-01,2.5,STEEP_MID_RATE,MID
2013-07-02,2.48,STEEP_MID_RATE,MID
2013-07-03,2.52,STEEP_MID_RATE,MID
2013-07-05,2.73,STEEP_MID_RATE,MID
2013-07-08,2.65,STEEP_MID_RATE,MID
2013-07-09,2.65,STEEP_MID_RATE,MID
2013-07-10,2.7,STEEP_MID_RATE,MID
2013-07-11,2.6,STEEP_MID_RATE,MID
2013-07-12,2.61,STEEP_MID_RATE,MID
2013-07-15,2.57,STEEP_MID_RATE,MID
2013-07-16,2.55,STEEP_MID_RATE,MID
2013-07-17,2.52,STEEP_MID_RATE,MID
2013-07-18,2.56,STEEP_MID_RATE,MID
2013-07-19,2.5,STEEP_MID_RATE,MID
2013-07-22,2.5,STEEP_MID_RATE,MID
2013-07-23,2.53,STEEP_MID_RATE,MID
2013-07-24,2.61,STEEP_MID_RATE,MID
2013-07-25,2.61,STEEP_MID_RATE,MID
2013-07-26,2.58,STEEP_MID_RATE,MID
2013-07-29,2.61,STEEP_MID_RATE,MID
2013-07-30,2.63,STEEP_MID_RATE,MID
2013-07-31,2.6,STEEP_MID_RATE,MID
2013-08-01,2.74,STEEP_MID_RATE,MID
2013-08-02,2.63,STEEP_MID_RATE,MID
2013-08-05,2.67,STEEP_MID_RATE,MID
2013-08-06,2.67,STEEP_MID_RATE,MID
2013-08-07,2.61,STEEP_MID_RATE,MID
2013-08-08,2.58,STEEP_MID_RATE,MID
2013-08-09,2.57,STEEP_MID_RATE,MID
2013-08-12,2.61,STEEP_MID_RATE,MID
2013-08-13,2.71,STEEP_MID_RATE,MID
2013-08-14,2.71,STEEP_MID_RATE,MID
2013-08-15,2.77,STEEP_MID_RATE,MID
2013-08-16,2.84,STEEP_MID_RATE,MID
2013-08-19,2.88,STEEP_MID_RATE,MID
2013-08-20,2.82,STEEP_MID_RATE,MID
2013-08-21,2.87,STEEP_MID_RATE,MID
2013-08-22,2.9,STEEP_MID_RATE,MID
2013-08-23,2.82,STEEP_MID_RATE,MID
2013-08-26,2.79,STEEP_MID_RATE,MID
2013-08-27,2.72,STEEP_MID_RATE,MID
2013-08-28,2.78,STEEP_MID_RATE,MID
2013-08-29,2.75,STEEP_MID_RATE,MID
2013-08-30,2.78,STEEP_MID_RATE,MID
2013-09-03,2.86,STEEP_MID_RATE,MID
2013-09-04,2.9,STEEP_MID_RATE,MID
2013-09-05,2.98,STEEP_MID_RATE,MID
2013-09-06,2.94,STEEP_MID_RATE,MID
2013-09-09,2.9,STEEP_MID_RATE,MID
2013-09-10,2.96,STEEP_MID_RATE,MID
2013-09-11,2.93,STEEP_MID_RATE,MID
2013-09-12,2.92,STEEP_MID_RATE,MID
2013-09-13,2.9,STEEP_MID_RATE,MID
2013-09-16,2.88,STEEP_MID_RATE,MID
2013-09-17,2.86,STEEP_MID_RATE,MID
2013-09-18,2.69,STEEP_MID_RATE,MID
2013-09-19,2.76,STEEP_MID_RATE,MID
2013-09-20,2.75,STEEP_MID_RATE,MID
2013-09-23,2.72,STEEP_MID_RATE,MID
2013-09-24,2.67,STEEP_MID_RATE,MID
2013-09-25,2.63,STEEP_MID_RATE,MID
2013-09-26,2.66,STEEP_MID_RATE,MID
2013-09-27,2.64,STEEP_MID_RATE,MID
2013-09-30,2.64,STEEP_MID_RATE,MID
2013-10-01,2.66,STEEP_MID_RATE,MID
2013-10-02,2.63,STEEP_MID_RATE,MID
2013-10-03,2.62,STEEP_MID_RATE,MID
2013-10-04,2.66,STEEP_MID_RATE,MID
2013-10-07,2.65,STEEP_MID_RATE,MID
2013-10-08,2.66,STEEP_MID_RATE,MID
2013-10-09,2.68,STEEP_MID_RATE,MID
2013-10-10,2.71,STEEP_MID_RATE,MID
2013-10-11,2.7,STEEP_MID_RATE,MID
2013-10-14,2.7,STEEP_MID_RATE,MID
2013-10-15,2.75,STEEP_MID_RATE,MID
2013-10-16,2.69,STEEP_MID_RATE,MID
2013-10-17,2.61,STEEP_MID_RATE,MID
2013-10-18,2.6,STEEP_MID_RATE,MID
2013-10-21,2.63,STEEP_MID_RATE,MID
2013-10-22,2.54,STEEP_MID_RATE,MID
2013-10-23,2.51,STEEP_MID_RATE,MID
2013-10-24,2.53,STEEP_MID_RATE,MID
2013-10-25,2.53,STEEP_MID_RATE,MID
2013-10-28,2.54,STEEP_MID_RATE,MID
2013-10-29,2.53,STEEP_MID_RATE,MID
2013-10-30,2.55,STEEP_MID_RATE,MID
2013-10-31,2.57,STEEP_MID_RATE,MID
2013-11-01,2.65,STEEP_MID_RATE,MID
2013-11-04,2.63,STEEP_MID_RATE,MID
2013-11-05,2.69,STEEP_MID_RATE,MID
2013-11-06,2.67,STEEP_MID_RATE,MID
2013-11-07,2.63,STEEP_MID_RATE,MID
2013-11-08,2.77,STEEP_MID_RATE,MID
2013-11-11,2.77,STEEP_MID_RATE,MID
2013-11-12,2.8,STEEP_MID_RATE,MID
2013-11-13,2.75,STEEP_MID_RATE,MID
2013-11-14,2.69,STEEP_MID_RATE,MID
2013-11-15,2.71,STEEP_MID_RATE,MID
2013-11-18,2.67,STEEP_MID_RATE,MID
2013-11-19,2.71,STEEP_MID_RATE,MID
2013-11-20,2.8,STEEP_MID_RATE,MID
2013-11-21,2.79,STEEP_MID_RATE,MID
2013-11-22,2.75,STEEP_MID_RATE,MID
2013-11-25,2.74,STEEP_MID_RATE,MID
2013-11-26,2.71,STEEP_MID_RATE,MID
2013-11-27,2.74,STEEP_MID_RATE,MID
2013-11-29,2.75,STEEP_MID_RATE,MID
2013-12-02,2.81,STEEP_MID_RATE,MID
2013-12-03,2.79,STEEP_MID_RATE,MID
2013-12-04,2.84,STEEP_MID_RATE,MID
2013-12-05,2.88,STEEP_MID_RATE,MID
2013-12-06,2.88,STEEP_MID_RATE,MID
2013-12-09,2.86,STEEP_MID_RATE,MID
2013-12-10,2.81,STEEP_MID_RATE,MID
2013-12-11,2.86,STEEP_MID_RATE,MID
2013-12-12,2.89,STEEP_MID_RATE,MID
2013-12-13,2.88,STEEP_MID_RATE,MID
2013-12-16,2.89,STEEP_MID_RATE,MID
2013-12-17,2.85,STEEP_MID_RATE,MID
2013-12-18,2.89,STEEP_MID_RATE,MID
2013-12-19,2.94,STEEP_MID_RATE,MID
2013-12-20,2.89,STEEP_MID_RATE,MID
2013-12-23,2.94,STEEP_MID_RATE,MID
2013-12-24,2.99,STEEP_MID_RATE,MID
2013-12-26,3.0,STEEP_MID_RATE,MID
2013-12-27,3.02,STEEP_MID_RATE,MID
2013-12-30,2.99,STEEP_MID_RATE,MID
2013-12-31,3.04,STEEP_MID_RATE,MID
2014-01-02,3.0,STEEP_MID_RATE,MID
2014-01-03,3.01,STEEP_MID_RATE,MID
2014-01-06,2.98,STEEP_MID_RATE,MID
2014-01-07,2.96,STEEP_MID_RATE,MID
2014-01-08,3.01,STEEP_MID_RATE,MID
2014-01-09,2.97,STEEP_MID_RATE,MID
2014-01-10,2.88,STEEP_MID_RATE,MID
2014-01-13,2.84,STEEP_MID_RATE,MID
2014-01-14,2.88,STEEP_MID_RATE,MID
2014-01-15,2.9,STEEP_MID_RATE,MID
2014-01-16,2.86,STEEP_MID_RATE,MID
2014-01-17,2.84,STEEP_MID_RATE,MID
2014-01-21,2.85,STEEP_MID_RATE,MID
2014-01-22,2.87,STEEP_MID_RATE,MID
2014-01-23,2.79,STEEP_MID_RATE,MID
2014-01-24,2.75,STEEP_MID_RATE,MID
2014-01-27,2.78,STEEP_MID_RATE,MID
2014-01-28,2.77,STEEP_MID_RATE,MID
2014-01-29,2.69,STEEP_MID_RATE,MID
2014-01-30,2.72,STEEP_MID_RATE,MID
2014-01-31,2.67,STEEP_MID_RATE,MID
2014-02-03,2.61,STEEP_MID_RATE,MID
2014-02-04,2.64,STEEP_MID_RATE,MID
2014-02-05,2.7,STEEP_MID_RATE,MID
2014-02-06,2.73,STEEP_MID_RATE,MID
2014-02-07,2.71,STEEP_MID_RATE,MID
2014-02-10,2.7,STEEP_MID_RATE,MID
2014-02-11,2.75,STEEP_MID_RATE,MID
2014-02-12,2.8,STEEP_MID_RATE,MID
2014-02-13,2.73,STEEP_MID_RATE,MID
2014-02-14,2.75,STEEP_MID_RATE,MID
2014-02-18,2.71,STEEP_MID_RATE,MID
2014-02-19,2.73,STEEP_MID_RATE,MID
2014-02-20,2.76,STEEP_MID_RATE,MID
2014-02-21,2.73,STEEP_MID_RATE,MID
2014-02-24,2.75,STEEP_MID_RATE,MID
2014-02-25,2.7,STEEP_MID_RATE,MID
2014-02-26,2.67,STEEP_MID_RATE,MID
2014-02-27,2.65,STEEP_MID_RATE,MID
2014-02-28,2.66,STEEP_MID_RATE,MID
2014-03-03,2.6,STEEP_MID_RATE,MID
2014-03-04,2.7,STEEP_MID_RATE,MID
2014-03-05,2.7,STEEP_MID_RATE,MID
2014-03-06,2.74,STEEP_MID_RATE,MID
2014-03-07,2.8,STEEP_MID_RATE,MID
2014-03-10,2.79,STEEP_MID_RATE,MID
2014-03-11,2.77,STEEP_MID_RATE,MID
2014-03-12,2.73,STEEP_MID_RATE,MID
2014-03-13,2.66,STEEP_MID_RATE,MID
2014-03-14,2.65,STEEP_MID_RATE,MID
2014-03-17,2.7,STEEP_MID_RATE,MID
2014-03-18,2.68,STEEP_MID_RATE,MID
2014-03-19,2.78,STEEP_MID_RATE,MID
2014-03-20,2.79,STEEP_MID_RATE,MID
2014-03-21,2.75,STEEP_MID_RATE,MID
2014-03-24,2.74,STEEP_MID_RATE,MID
2014-03-25,2.75,STEEP_MID_RATE,MID
2014-03-26,2.71,STEEP_MID_RATE,MID
2014-03-27,2.69,STEEP_MID_RATE,MID
2014-03-28,2.73,STEEP_MID_RATE,MID
2014-03-31,2.73,STEEP_MID_RATE,MID
2014-04-01,2.77,STEEP_MID_RATE,MID
2014-04-02,2.82,STEEP_MID_RATE,MID
2014-04-03,2.8,STEEP_MID_RATE,MID
2014-04-04,2.74,STEEP_MID_RATE,MID
2014-04-07,2.71,STEEP_MID_RATE,MID
2014-04-08,2.69,STEEP_MID_RATE,MID
2014-04-09,2.71,STEEP_MID_RATE,MID
2014-04-10,2.65,STEEP_MID_RATE,MID
2014-04-11,2.63,STEEP_MID_RATE,MID
2014-04-14,2.65,STEEP_MID_RATE,MID
2014-04-15,2.64,STEEP_MID_RATE,MID
2014-04-16,2.65,STEEP_MID_RATE,MID
2014-04-17,2.73,STEEP_MID_RATE,MID
2014-04-21,2.73,STEEP_MID_RATE,MID
2014-04-22,2.73,STEEP_MID_RATE,MID
2014-04-23,2.7,STEEP_MID_RATE,MID
2014-04-24,2.7,STEEP_MID_RATE,MID
2014-04-25,2.68,STEEP_MID_RATE,MID
2014-04-28,2.7,STEEP_MID_RATE,MID
2014-04-29,2.71,STEEP_MID_RATE,MID
2014-04-30,2.67,STEEP_MID_RATE,MID
2014-05-01,2.63,STEEP_MID_RATE,MID
2014-05-02,2.6,STEEP_MID_RATE,MID
2014-05-05,2.63,STEEP_MID_RATE,MID
2014-05-06,2.61,STEEP_MID_RATE,MID
2014-05-07,2.62,STEEP_MID_RATE,MID
2014-05-08,2.61,STEEP_MID_RATE,MID
2014-05-09,2.62,STEEP_MID_RATE,MID
2014-05-12,2.66,STEEP_MID_RATE,MID
2014-05-13,2.61,STEEP_MID_RATE,MID
2014-05-14,2.54,STEEP_MID_RATE,MID
2014-05-15,2.5,STEEP_MID_RATE,MID
2014-05-16,2.52,STEEP_MID_RATE,MID
2014-05-19,2.54,STEEP_MID_RATE,MID
2014-05-20,2.52,STEEP_MID_RATE,MID
2014-05-21,2.54,STEEP_MID_RATE,MID
2014-05-22,2.56,STEEP_MID_RATE,MID
2014-05-23,2.54,STEEP_MID_RATE,MID
2014-05-27,2.52,STEEP_MID_RATE,MID
2014-05-28,2.44,STEEP_MID_RATE,MID
2014-05-29,2.45,STEEP_MID_RATE,MID
2014-05-30,2.48,STEEP_MID_RATE,MID
2014-06-02,2.54,STEEP_MID_RATE,MID
2014-06-03,2.6,STEEP_MID_RATE,MID
2014-06-04,2.61,STEEP_MID_RATE,MID
2014-06-05,2.59,STEEP_MID_RATE,MID
2014-06-06,2.6,STEEP_MID_RATE,MID
2014-06-09,2.62,STEEP_MID_RATE,MID
2014-06-10,2.64,STEEP_MID_RATE,MID
2014-06-11,2.65,STEEP_MID_RATE,MID
2014-06-12,2.58,STEEP_MID_RATE,MID
2014-06-13,2.6,STEEP_MID_RATE,MID
2014-06-16,2.61,STEEP_MID_RATE,MID
2014-06-17,2.66,STEEP_MID_RATE,MID
2014-06-18,2.61,STEEP_MID_RATE,MID
2014-06-19,2.64,STEEP_MID_RATE,MID
2014-06-20,2.63,STEEP_MID_RATE,MID
2014-06-23,2.63,STEEP_MID_RATE,MID
2014-06-24,2.59,STEEP_MID_RATE,MID
2014-06-25,2.57,STEEP_MID_RATE,MID
2014-06-26,2.53,STEEP_MID_RATE,MID
2014-06-27,2.54,STEEP_MID_RATE,MID
2014-06-30,2.53,STEEP_MID_RATE,MID
2014-07-01,2.58,STEEP_MID_RATE,MID
2014-07-02,2.64,STEEP_MID_RATE,MID
2014-07-03,2.65,STEEP_MID_RATE,MID
2014-07-07,2.63,STEEP_MID_RATE,MID
2014-07-08,2.58,STEEP_MID_RATE,MID
2014-07-09,2.57,STEEP_MID_RATE,MID
2014-07-10,2.55,STEEP_MID_RATE,MID
2014-07-11,2.53,STEEP_MID_RATE,MID
2014-07-14,2.55,STEEP_MID_RATE,MID
2014-07-15,2.56,STEEP_MID_RATE,MID
2014-07-16,2.55,STEEP_MID_RATE,MID
2014-07-17,2.47,STEEP_MID_RATE,MID
2014-07-18,2.5,STEEP_MID_RATE,MID
2014-07-21,2.49,STEEP_MID_RATE,MID
2014-07-22,2.48,STEEP_MID_RATE,MID
2014-07-23,2.48,STEEP_MID_RATE,MID
2014-07-24,2.52,STEEP_MID_RATE,MID
2014-07-25,2.48,STEEP_MID_RATE,MID
2014-07-28,2.5,STEEP_MID_RATE,MID
2014-07-29,2.47,STEEP_MID_RATE,MID
2014-07-30,2.57,STEEP_MID_RATE,MID
2014-07-31,2.58,STEEP_MID_RATE,MID
2014-08-01,2.52,STEEP_MID_RATE,MID
2014-08-04,2.51,STEEP_MID_RATE,MID
2014-08-05,2.49,STEEP_MID_RATE,MID
2014-08-06,2.49,STEEP_MID_RATE,MID
2014-08-07,2.43,STEEP_MID_RATE,MID
2014-08-08,2.44,STEEP_MID_RATE,MID
2014-08-11,2.44,STEEP_MID_RATE,MID
2014-08-12,2.46,STEEP_MID_RATE,MID
2014-08-13,2.43,STEEP_MID_RATE,MID
2014-08-14,2.4,STEEP_MID_RATE,MID
2014-08-15,2.34,STEEP_MID_RATE,MID
2014-08-18,2.39,STEEP_MID_RATE,MID
2014-08-19,2.4,STEEP_MID_RATE,MID
2014-08-20,2.43,STEEP_MID_RATE,MID
2014-08-21,2.41,STEEP_MID_RATE,MID
2014-08-22,2.4,STEEP_MID_RATE,MID
2014-08-25,2.39,STEEP_MID_RATE,MID
2014-08-26,2.39,STEEP_MID_RATE,MID
2014-08-27,2.37,STEEP_MID_RATE,MID
2014-08-28,2.34,STEEP_MID_RATE,MID
2014-08-29,2.35,STEEP_MID_RATE,MID
2014-09-02,2.42,STEEP_MID_RATE,MID
2014-09-03,2.41,STEEP_MID_RATE,MID
2014-09-04,2.45,STEEP_MID_RATE,MID
2014-09-05,2.46,STEEP_MID_RATE,MID
2014-09-08,2.48,STEEP_MID_RATE,MID
2014-09-09,2.5,STEEP_MID_RATE,MID
2014-09-10,2.54,STEEP_MID_RATE,MID
2014-09-11,2.54,STEEP_MID_RATE,MID
2014-09-12,2.62,STEEP_MID_RATE,MID
2014-09-15,2.6,STEEP_MID_RATE,MID
2014-09-16,2.6,STEEP_MID_RATE,MID
2014-09-17,2.62,STEEP_MID_RATE,MID
2014-09-18,2.63,STEEP_MID_RATE,MID
2014-09-19,2.59,STEEP_MID_RATE,MID
2014-09-22,2.57,STEEP_MID_RATE,MID
2014-09-23,2.54,STEEP_MID_RATE,MID
2014-09-24,2.57,STEEP_MID_RATE,MID
2014-09-25,2.52,STEEP_MID_RATE,MID
2014-09-26,2.54,STEEP_MID_RATE,MID
2014-09-29,2.5,STEEP_MID_RATE,MID
2014-09-30,2.52,STEEP_MID_RATE,MID
2014-10-01,2.42,STEEP_MID_RATE,MID
2014-10-02,2.44,STEEP_MID_RATE,MID
2014-10-03,2.45,STEEP_MID_RATE,MID
2014-10-06,2.43,STEEP_MID_RATE,MID
2014-10-07,2.36,STEEP_MID_RATE,MID
2014-10-08,2.35,STEEP_MID_RATE,MID
2014-10-09,2.34,STEEP_MID_RATE,MID
2014-10-10,2.31,STEEP_MID_RATE,MID
2014-10-13,2.31,STEEP_MID_RATE,MID
2014-10-14,2.21,STEEP_MID_RATE,MID
2014-10-15,2.15,STEEP_MID_RATE,MID
2014-10-16,2.17,STEEP_MID_RATE,MID
2014-10-17,2.22,STEEP_MID_RATE,MID
2014-10-20,2.2,STEEP_MID_RATE,MID
2014-10-21,2.23,STEEP_MID_RATE,MID
2014-10-22,2.25,STEEP_MID_RATE,MID
2014-10-23,2.29,STEEP_MID_RATE,MID
2014-10-24,2.29,STEEP_MID_RATE,MID
2014-10-27,2.27,STEEP_MID_RATE,MID
2014-10-28,2.3,STEEP_MID_RATE,MID
2014-10-29,2.34,STEEP_MID_RATE,MID
2014-10-30,2.32,STEEP_MID_RATE,MID
2014-10-31,2.35,STEEP_MID_RATE,MID
2014-11-03,2.36,STEEP_MID_RATE,MID
2014-11-04,2.35,STEEP_MID_RATE,MID
2014-11-05,2.36,STEEP_MID_RATE,MID
2014-11-06,2.39,STEEP_MID_RATE,MID
2014-11-07,2.32,STEEP_MID_RATE,MID
2014-11-10,2.38,STEEP_MID_RATE,MID
2014-11-11,2.38,STEEP_MID_RATE,MID
2014-11-12,2.37,STEEP_MID_RATE,MID
2014-11-13,2.35,STEEP_MID_RATE,MID
2014-11-14,2.32,STEEP_MID_RATE,MID
2014-11-17,2.34,STEEP_MID_RATE,MID
2014-11-18,2.32,STEEP_MID_RATE,MID
2014-11-19,2.36,STEEP_MID_RATE,MID
2014-11-20,2.34,STEEP_MID_RATE,MID
2014-11-21,2.31,STEEP_MID_RATE,MID
2014-11-24,2.3,STEEP_MID_RATE,MID
2014-11-25,2.27,STEEP_MID_RATE,MID
2014-11-26,2.24,STEEP_MID_RATE,MID
2014-11-28,2.18,STEEP_MID_RATE,MID
2014-12-01,2.22,STEEP_MID_RATE,MID
2014-12-02,2.28,STEEP_MID_RATE,MID
2014-12-03,2.29,STEEP_MID_RATE,MID
2014-12-04,2.25,STEEP_MID_RATE,MID
2014-12-05,2.31,STEEP_MID_RATE,MID
2014-12-08,2.26,STEEP_MID_RATE,MID
2014-12-09,2.22,STEEP_MID_RATE,MID
2014-12-10,2.18,STEEP_MID_RATE,MID
2014-12-11,2.19,STEEP_MID_RATE,MID
2014-12-12,2.1,STEEP_MID_RATE,MID
2014-12-15,2.12,STEEP_MID_RATE,MID
2014-12-16,2.07,STEEP_MID_RATE,MID
2014-12-17,2.14,STEEP_MID_RATE,MID
2014-12-18,2.22,STEEP_MID_RATE,MID
2014-12-19,2.17,STEEP_MID_RATE,MID
2014-12-22,2.17,STEEP_MID_RATE,MID
2014-12-23,2.26,STEEP_MID_RATE,MID
2014-12-24,2.27,STEEP_MID_RATE,MID
2014-12-26,2.25,STEEP_MID_RATE,MID
2014-12-29,2.22,STEEP_MID_RATE,MID
2014-12-30,2.2,STEEP_MID_RATE,MID
2014-12-31,2.17,STEEP_MID_RATE,MID
2015-01-02,2.12,STEEP_MID_RATE,LOW
2015-01-05,2.04,STEEP_MID_RATE,LOW
2015-01-06,1.97,STEEP_MID_RATE,LOW
2015-01-07,1.96,STEEP_MID_RATE,LOW
2015-01-08,2.03,STEEP_LOW_RATE,LOW
2015-01-09,1.98,STEEP_LOW_RATE,LOW
2015-01-12,1.92,STEEP_LOW_RATE,LOW
2015-01-13,1.91,STEEP_LOW_RATE,LOW
2015-01-14,1.86,STEEP_LOW_RATE,LOW
2015-01-15,1.77,STEEP_LOW_RATE,LOW
2015-01-16,1.83,STEEP_LOW_RATE,LOW
2015-01-20,1.82,STEEP_LOW_RATE,LOW
2015-01-21,1.87,STEEP_LOW_RATE,LOW
2015-01-22,1.9,STEEP_LOW_RATE,LOW
2015-01-23,1.81,STEEP_LOW_RATE,LOW
2015-01-26,1.83,STEEP_LOW_RATE,LOW
2015-01-27,1.83,STEEP_LOW_RATE,LOW
2015-01-28,1.73,STEEP_LOW_RATE,LOW
2015-01-29,1.77,STEEP_LOW_RATE,LOW
2015-01-30,1.68,STEEP_LOW_RATE,LOW
2015-02-02,1.68,STEEP_LOW_RATE,LOW
2015-02-03,1.79,STEEP_LOW_RATE,LOW
2015-02-04,1.81,STEEP_LOW_RATE,LOW
2015-02-05,1.83,STEEP_LOW_RATE,LOW
2015-02-06,1.95,STEEP_LOW_RATE,LOW
2015-02-09,1.96,STEEP_LOW_RATE,LOW
2015-02-10,2.01,STEEP_LOW_RATE,LOW
2015-02-11,2.0,STEEP_LOW_RATE,LOW
2015-02-12,1.99,STEEP_LOW_RATE,LOW
2015-02-13,2.02,STEEP_LOW_RATE,LOW
2015-02-17,2.14,STEEP_LOW_RATE,LOW
2015-02-18,2.07,STEEP_LOW_RATE,LOW
2015-02-19,2.11,STEEP_LOW_RATE,LOW
2015-02-20,2.13,STEEP_LOW_RATE,LOW
2015-02-23,2.06,STEEP_LOW_RATE,LOW
2015-02-24,1.99,STEEP_LOW_RATE,LOW
2015-02-25,1.96,STEEP_LOW_RATE,LOW
2015-02-26,2.03,STEEP_LOW_RATE,LOW
2015-02-27,2.0,STEEP_LOW_RATE,LOW
2015-03-02,2.08,STEEP_LOW_RATE,LOW
2015-03-03,2.12,STEEP_LOW_RATE,LOW
2015-03-04,2.12,STEEP_LOW_RATE,LOW
2015-03-05,2.11,STEEP_LOW_RATE,LOW
2015-03-06,2.24,STEEP_LOW_RATE,LOW
2015-03-09,2.2,STEEP_LOW_RATE,LOW
2015-03-10,2.14,STEEP_LOW_RATE,LOW
2015-03-11,2.11,STEEP_LOW_RATE,LOW
2015-03-12,2.1,STEEP_LOW_RATE,LOW
2015-03-13,2.13,STEEP_LOW_RATE,LOW
2015-03-16,2.1,STEEP_LOW_RATE,LOW
2015-03-17,2.06,STEEP_LOW_RATE,LOW
2015-03-18,1.93,STEEP_LOW_RATE,LOW
2015-03-19,1.98,STEEP_LOW_RATE,LOW
2015-03-20,1.93,STEEP_LOW_RATE,LOW
2015-03-23,1.92,STEEP_LOW_RATE,LOW
2015-03-24,1.88,STEEP_LOW_RATE,LOW
2015-03-25,1.93,STEEP_LOW_RATE,LOW
2015-03-26,2.01,STEEP_LOW_RATE,LOW
2015-03-27,1.95,STEEP_LOW_RATE,LOW
2015-03-30,1.96,STEEP_LOW_RATE,LOW
2015-03-31,1.94,STEEP_LOW_RATE,LOW
2015-04-01,1.87,STEEP_LOW_RATE,LOW
2015-04-02,1.92,STEEP_LOW_RATE,LOW
2015-04-06,1.92,STEEP_LOW_RATE,LOW
2015-04-07,1.89,STEEP_LOW_RATE,LOW
2015-04-08,1.92,STEEP_LOW_RATE,LOW
2015-04-09,1.97,STEEP_LOW_RATE,LOW
2015-04-10,1.96,STEEP_LOW_RATE,LOW
2015-04-13,1.94,STEEP_LOW_RATE,LOW
2015-04-14,1.9,STEEP_LOW_RATE,LOW
2015-04-15,1.91,STEEP_LOW_RATE,LOW
2015-04-16,1.9,STEEP_LOW_RATE,LOW
2015-04-17,1.87,STEEP_LOW_RATE,LOW
2015-04-20,1.9,STEEP_LOW_RATE,LOW
2015-04-21,1.92,STEEP_LOW_RATE,LOW
2015-04-22,1.99,STEEP_LOW_RATE,LOW
2015-04-23,1.96,STEEP_LOW_RATE,LOW
2015-04-24,1.93,STEEP_LOW_RATE,LOW
2015-04-27,1.94,STEEP_LOW_RATE,LOW
2015-04-28,2.0,STEEP_LOW_RATE,LOW
2015-04-29,2.06,STEEP_LOW_RATE,LOW
2015-04-30,2.05,STEEP_LOW_RATE,LOW
2015-05-01,2.12,STEEP_LOW_RATE,LOW
2015-05-04,2.16,STEEP_LOW_RATE,MID
2015-05-05,2.19,STEEP_LOW_RATE,MID
2015-05-06,2.25,STEEP_LOW_RATE,MID
2015-05-07,2.18,STEEP_LOW_RATE,MID
2015-05-08,2.16,STEEP_LOW_RATE,MID
2015-05-11,2.28,STEEP_LOW_RATE,MID
2015-05-12,2.28,STEEP_LOW_RATE,MID
2015-05-13,2.27,STEEP_LOW_RATE,MID
2015-05-14,2.23,STEEP_LOW_RATE,MID
2015-05-15,2.14,STEEP_LOW_RATE,MID
2015-05-18,2.23,STEEP_LOW_RATE,MID
2015-05-19,2.27,STEEP_LOW_RATE,MID
2015-05-20,2.26,STEEP_LOW_RATE,MID
2015-05-21,2.19,STEEP_LOW_RATE,MID
2015-05-22,2.21,STEEP_LOW_RATE,MID
2015-05-26,2.14,STEEP_LOW_RATE,MID
2015-05-27,2.14,STEEP_LOW_RATE,MID
2015-05-28,2.13,STEEP_LOW_RATE,MID
2015-05-29,2.12,STEEP_LOW_RATE,MID
2015-06-01,2.19,STEEP_LOW_RATE,MID
2015-06-02,2.27,STEEP_LOW_RATE,MID
2015-06-03,2.38,STEEP_LOW_RATE,MID
2015-06-04,2.31,STEEP_LOW_RATE,MID
2015-06-05,2.41,STEEP_MID_RATE,MID
2015-06-08,2.39,STEEP_MID_RATE,MID
2015-06-09,2.42,STEEP_MID_RATE,MID
2015-06-10,2.5,STEEP_MID_RATE,MID
2015-06-11,2.39,STEEP_MID_RATE,MID
2015-06-12,2.39,STEEP_MID_RATE,MID
2015-06-15,2.36,STEEP_MID_RATE,MID
2015-06-16,2.32,STEEP_MID_RATE,MID
2015-06-17,2.32,STEEP_MID_RATE,MID
2015-06-18,2.35,STEEP_MID_RATE,MID
2015-06-19,2.26,STEEP_MID_RATE,MID
2015-06-22,2.37,STEEP_MID_RATE,MID
2015-06-23,2.42,STEEP_MID_RATE,MID
2015-06-24,2.38,STEEP_MID_RATE,MID
2015-06-25,2.4,STEEP_MID_RATE,MID
2015-06-26,2.49,STEEP_MID_RATE,MID
2015-06-29,2.33,STEEP_MID_RATE,MID
2015-06-30,2.35,STEEP_MID_RATE,MID
2015-07-01,2.43,STEEP_MID_RATE,MID
2015-07-02,2.4,STEEP_MID_RATE,MID
2015-07-06,2.3,STEEP_MID_RATE,MID
2015-07-07,2.27,STEEP_MID_RATE,MID
2015-07-08,2.22,STEEP_MID_RATE,MID
2015-07-09,2.32,STEEP_MID_RATE,MID
2015-07-10,2.42,STEEP_MID_RATE,MID
2015-07-13,2.44,STEEP_MID_RATE,MID
2015-07-14,2.41,STEEP_MID_RATE,MID
2015-07-15,2.36,STEEP_MID_RATE,MID
2015-07-16,2.36,STEEP_MID_RATE,MID
2015-07-17,2.34,STEEP_MID_RATE,MID
2015-07-20,2.38,STEEP_MID_RATE,MID
2015-07-21,2.35,STEEP_MID_RATE,MID
2015-07-22,2.33,STEEP_MID_RATE,MID
2015-07-23,2.28,STEEP_MID_RATE,MID
2015-07-24,2.27,STEEP_MID_RATE,MID
2015-07-27,2.23,STEEP_MID_RATE,MID
2015-07-28,2.26,STEEP_MID_RATE,MID
2015-07-29,2.29,STEEP_MID_RATE,MID
2015-07-30,2.28,STEEP_MID_RATE,MID
2015-07-31,2.2,STEEP_MID_RATE,MID
2015-08-03,2.16,STEEP_MID_RATE,MID
2015-08-04,2.23,STEEP_MID_RATE,MID
2015-08-05,2.28,STEEP_MID_RATE,MID
2015-08-06,2.23,STEEP_MID_RATE,MID
2015-08-07,2.18,STEEP_MID_RATE,MID
2015-08-10,2.24,STEEP_MID_RATE,MID
2015-08-11,2.15,STEEP_MID_RATE,MID
2015-08-12,2.14,STEEP_MID_RATE,MID
2015-08-13,2.19,STEEP_MID_RATE,MID
2015-08-14,2.2,STEEP_MID_RATE,MID
2015-08-17,2.16,STEEP_MID_RATE,MID
2015-08-18,2.2,STEEP_MID_RATE,MID
2015-08-19,2.12,STEEP_MID_RATE,MID
2015-08-20,2.09,STEEP_MID_RATE,MID
2015-08-21,2.05,STEEP_MID_RATE,MID
2015-08-24,2.01,STEEP_MID_RATE,MID
2015-08-25,2.12,STEEP_MID_RATE,MID
2015-08-26,2.18,STEEP_MID_RATE,MID
2015-08-27,2.18,STEEP_MID_RATE,MID
2015-08-28,2.19,STEEP_MID_RATE,MID
2015-08-31,2.21,STEEP_MID_RATE,MID
2015-09-01,2.17,STEEP_MID_RATE,MID
2015-09-02,2.2,STEEP_MID_RATE,MID
2015-09-03,2.18,STEEP_MID_RATE,MID
2015-09-04,2.13,STEEP_MID_RATE,MID
2015-09-08,2.2,STEEP_MID_RATE,MID
2015-09-09,2.21,STEEP_MID_RATE,MID
2015-09-10,2.23,STEEP_MID_RATE,MID
2015-09-11,2.2,STEEP_MID_RATE,MID
2015-09-14,2.18,STEEP_MID_RATE,MID
2015-09-15,2.28,STEEP_MID_RATE,MID
2015-09-16,2.3,STEEP_MID_RATE,MID
2015-09-17,2.21,STEEP_MID_RATE,MID
2015-09-18,2.13,STEEP_MID_RATE,MID
2015-09-21,2.2,STEEP_MID_RATE,MID
2015-09-22,2.14,STEEP_MID_RATE,MID
2015-09-23,2.16,STEEP_MID_RATE,MID
2015-09-24,2.13,STEEP_MID_RATE,MID
2015-09-25,2.17,STEEP_MID_RATE,MID
2015-09-28,2.1,STEEP_MID_RATE,LOW
2015-09-29,2.05,STEEP_MID_RATE,LOW
2015-09-30,2.06,STEEP_MID_RATE,LOW
2015-10-01,2.05,STEEP_MID_RATE,LOW
2015-10-02,1.99,STEEP_MID_RATE,LOW
2015-10-05,2.07,STEEP_MID_RATE,LOW
2015-10-06,2.05,STEEP_LOW_RATE,LOW
2015-10-07,2.08,STEEP_LOW_RATE,LOW
2015-10-08,2.12,STEEP_LOW_RATE,LOW
2015-10-09,2.12,STEEP_LOW_RATE,LOW
2015-10-12,2.12,STEEP_LOW_RATE,LOW
2015-10-13,2.06,STEEP_LOW_RATE,LOW
2015-10-14,1.99,STEEP_LOW_RATE,LOW
2015-10-15,2.04,STEEP_LOW_RATE,LOW
2015-10-16,2.04,STEEP_LOW_RATE,LOW
2015-10-19,2.04,STEEP_LOW_RATE,LOW
2015-10-20,2.08,STEEP_LOW_RATE,LOW
2015-10-21,2.04,STEEP_LOW_RATE,LOW
2015-10-22,2.04,STEEP_LOW_RATE,LOW
2015-10-23,2.09,STEEP_LOW_RATE,LOW
2015-10-26,2.07,STEEP_LOW_RATE,LOW
2015-10-27,2.05,STEEP_LOW_RATE,LOW
2015-10-28,2.1,STEEP_LOW_RATE,LOW
2015-10-29,2.19,STEEP_LOW_RATE,MID
2015-10-30,2.16,STEEP_LOW_RATE,MID
2015-11-02,2.2,STEEP_LOW_RATE,MID
2015-11-03,2.23,STEEP_LOW_RATE,MID
2015-11-04,2.25,STEEP_LOW_RATE,MID
2015-11-05,2.26,STEEP_LOW_RATE,MID
2015-11-06,2.34,STEEP_LOW_RATE,MID
2015-11-09,2.36,STEEP_LOW_RATE,MID
2015-11-10,2.32,STEEP_MID_RATE,MID
2015-11-11,2.32,STEEP_MID_RATE,MID
2015-11-12,2.32,STEEP_MID_RATE,MID
2015-11-13,2.28,STEEP_MID_RATE,MID
2015-11-16,2.27,STEEP_MID_RATE,MID
2015-11-17,2.25,STEEP_MID_RATE,MID
2015-11-18,2.27,STEEP_MID_RATE,MID
2015-11-19,2.24,STEEP_MID_RATE,MID
2015-11-20,2.26,STEEP_MID_RATE,MID
2015-11-23,2.25,STEEP_MID_RATE,MID
2015-11-24,2.24,STEEP_MID_RATE,MID
2015-11-25,2.23,STEEP_MID_RATE,MID
2015-11-27,2.22,STEEP_MID_RATE,MID
2015-11-30,2.21,STEEP_MID_RATE,MID
2015-12-01,2.15,STEEP_MID_RATE,MID
2015-12-02,2.18,STEEP_MID_RATE,MID
2015-12-03,2.33,STEEP_MID_RATE,MID
2015-12-04,2.28,STEEP_MID_RATE,MID
2015-12-07,2.23,STEEP_MID_RATE,MID
2015-12-08,2.24,STEEP_MID_RATE,MID
2015-12-09,2.22,STEEP_MID_RATE,MID
2015-12-10,2.24,STEEP_MID_RATE,MID
2015-12-11,2.13,STEEP_MID_RATE,MID
2015-12-14,2.23,STEEP_MID_RATE,MID
2015-12-15,2.28,STEEP_MID_RATE,MID
2015-12-16,2.3,STEEP_MID_RATE,MID
2015-12-17,2.24,STEEP_MID_RATE,MID
2015-12-18,2.19,STEEP_MID_RATE,MID
2015-12-21,2.2,STEEP_MID_RATE,MID
2015-12-22,2.24,STEEP_MID_RATE,MID
2015-12-23,2.27,STEEP_MID_RATE,MID
2015-12-24,2.25,STEEP_MID_RATE,MID
2015-12-28,2.24,STEEP_MID_RATE,MID
2015-12-29,2.32,STEEP_MID_RATE,MID
2015-12-30,2.31,STEEP_MID_RATE,MID
2015-12-31,2.27,STEEP_MID_RATE,MID
2016-01-04,2.24,STEEP_MID_RATE,MID
2016-01-05,2.25,STEEP_MID_RATE,MID
2016-01-06,2.18,STEEP_MID_RATE,MID
2016-01-07,2.16,STEEP_MID_RATE,MID
2016-01-08,2.13,STEEP_MID_RATE,MID
2016-01-11,2.17,STEEP_MID_RATE,MID
2016-01-12,2.12,STEEP_MID_RATE,LOW
2016-01-13,2.08,STEEP_MID_RATE,LOW
2016-01-14,2.1,STEEP_MID_RATE,LOW
2016-01-15,2.03,STEEP_MID_RATE,LOW
2016-01-19,2.06,STEEP_MID_RATE,LOW
2016-01-20,2.01,STEEP_MID_RATE,LOW
2016-01-21,2.02,STEEP_MID_RATE,LOW
2016-01-22,2.07,STEEP_MID_RATE,LOW
2016-01-25,2.03,STEEP_MID_RATE,LOW
2016-01-26,2.01,STEEP_MID_RATE,LOW
2016-01-27,2.02,STEEP_MID_RATE,LOW
2016-01-28,2.0,STEEP_MID_RATE,LOW
2016-01-29,1.94,STEEP_MID_RATE,LOW
2016-02-01,1.97,STEEP_LOW_RATE,LOW
2016-02-02,1.87,STEEP_LOW_RATE,LOW
2016-02-03,1.88,STEEP_LOW_RATE,LOW
2016-02-04,1.87,STEEP_LOW_RATE,LOW
2016-02-05,1.86,STEEP_LOW_RATE,LOW
2016-02-08,1.75,STEEP_LOW_RATE,LOW
2016-02-09,1.74,STEEP_LOW_RATE,LOW
2016-02-10,1.71,STEEP_LOW_RATE,LOW
2016-02-11,1.63,STEEP_LOW_RATE,LOW
2016-02-12,1.74,STEEP_LOW_RATE,LOW
2016-02-16,1.78,STEEP_LOW_RATE,LOW
2016-02-17,1.81,STEEP_LOW_RATE,LOW
2016-02-18,1.75,STEEP_LOW_RATE,LOW
2016-02-19,1.76,STEEP_LOW_RATE,LOW
2016-02-22,1.77,STEEP_LOW_RATE,LOW
2016-02-23,1.74,STEEP_LOW_RATE,LOW
2016-02-24,1.75,STEEP_LOW_RATE,LOW
2016-02-25,1.71,STEEP_LOW_RATE,LOW
2016-02-26,1.76,STEEP_LOW_RATE,LOW
2016-02-29,1.74,STEEP_LOW_RATE,LOW
2016-03-01,1.83,STEEP_LOW_RATE,LOW
2016-03-02,1.84,STEEP_LOW_RATE,LOW
2016-03-03,1.83,STEEP_LOW_RATE,LOW
2016-03-04,1.88,STEEP_LOW_RATE,LOW
2016-03-07,1.91,STEEP_LOW_RATE,LOW
2016-03-08,1.83,STEEP_LOW_RATE,LOW
2016-03-09,1.9,STEEP_LOW_RATE,LOW
2016-03-10,1.93,STEEP_LOW_RATE,LOW
2016-03-11,1.98,STEEP_LOW_RATE,LOW
2016-03-14,1.97,STEEP_LOW_RATE,LOW
2016-03-15,1.97,STEEP_LOW_RATE,LOW
2016-03-16,1.94,STEEP_LOW_RATE,LOW
2016-03-17,1.91,STEEP_LOW_RATE,LOW
2016-03-18,1.88,STEEP_LOW_RATE,LOW
2016-03-21,1.92,STEEP_LOW_RATE,LOW
2016-03-22,1.94,STEEP_LOW_RATE,LOW
2016-03-23,1.88,STEEP_LOW_RATE,LOW
2016-03-24,1.91,STEEP_LOW_RATE,LOW
2016-03-28,1.89,STEEP_LOW_RATE,LOW
2016-03-29,1.81,STEEP_LOW_RATE,LOW
2016-03-30,1.83,STEEP_LOW_RATE,LOW
2016-03-31,1.78,STEEP_LOW_RATE,LOW
2016-04-01,1.79,STEEP_LOW_RATE,LOW
2016-04-04,1.78,STEEP_LOW_RATE,LOW
2016-04-05,1.73,STEEP_LOW_RATE,LOW
2016-04-06,1.76,STEEP_LOW_RATE,LOW
2016-04-07,1.7,STEEP_LOW_RATE,LOW
2016-04-08,1.72,STEEP_LOW_RATE,LOW
2016-04-11,1.73,STEEP_LOW_RATE,LOW
2016-04-12,1.79,STEEP_LOW_RATE,LOW
2016-04-13,1.77,STEEP_LOW_RATE,LOW
2016-04-14,1.8,STEEP_LOW_RATE,LOW
2016-04-15,1.76,STEEP_LOW_RATE,LOW
2016-04-18,1.78,STEEP_LOW_RATE,LOW
2016-04-19,1.79,STEEP_LOW_RATE,LOW
2016-04-20,1.85,STEEP_LOW_RATE,LOW
2016-04-21,1.88,STEEP_LOW_RATE,LOW
2016-04-22,1.89,STEEP_LOW_RATE,LOW
2016-04-25,1.91,STEEP_LOW_RATE,LOW
2016-04-26,1.94,STEEP_LOW_RATE,LOW
2016-04-27,1.87,STEEP_LOW_RATE,LOW
2016-04-28,1.84,STEEP_LOW_RATE,LOW
2016-04-29,1.83,STEEP_LOW_RATE,LOW
2016-05-02,1.88,STEEP_LOW_RATE,LOW
2016-05-03,1.81,STEEP_LOW_RATE,LOW
2016-05-04,1.79,STEEP_LOW_RATE,LOW
2016-05-05,1.76,STEEP_LOW_RATE,LOW
2016-05-06,1.79,STEEP_LOW_RATE,LOW
2016-05-09,1.77,STEEP_LOW_RATE,LOW
2016-05-10,1.77,STEEP_LOW_RATE,LOW
2016-05-11,1.73,STEEP_LOW_RATE,LOW
2016-05-12,1.75,STEEP_LOW_RATE,LOW
2016-05-13,1.71,STEEP_LOW_RATE,LOW
2016-05-16,1.75,STEEP_LOW_RATE,LOW
2016-05-17,1.76,STEEP_LOW_RATE,LOW
2016-05-18,1.87,STEEP_LOW_RATE,LOW
2016-05-19,1.85,STEEP_LOW_RATE,LOW
2016-05-20,1.85,STEEP_LOW_RATE,LOW
2016-05-23,1.84,STEEP_LOW_RATE,LOW
2016-05-24,1.86,STEEP_LOW_RATE,LOW
2016-05-25,1.87,STEEP_LOW_RATE,LOW
2016-05-26,1.83,STEEP_LOW_RATE,LOW
2016-05-27,1.85,STEEP_LOW_RATE,LOW
2016-05-31,1.84,STEEP_LOW_RATE,LOW
2016-06-01,1.85,STEEP_LOW_RATE,LOW
2016-06-02,1.81,STEEP_LOW_RATE,LOW
2016-06-03,1.71,STEEP_LOW_RATE,LOW
2016-06-06,1.73,STEEP_LOW_RATE,LOW
2016-06-07,1.72,STEEP_LOW_RATE,LOW
2016-06-08,1.71,STEEP_LOW_RATE,LOW
2016-06-09,1.68,STEEP_LOW_RATE,LOW
2016-06-10,1.64,STEEP_LOW_RATE,LOW
2016-06-13,1.62,STEEP_LOW_RATE,LOW
2016-06-14,1.62,STEEP_LOW_RATE,LOW
2016-06-15,1.6,STEEP_LOW_RATE,LOW
2016-06-16,1.57,STEEP_LOW_RATE,LOW
2016-06-17,1.62,STEEP_LOW_RATE,LOW
2016-06-20,1.67,STEEP_LOW_RATE,LOW
2016-06-21,1.71,STEEP_LOW_RATE,LOW
2016-06-22,1.69,STEEP_LOW_RATE,LOW
2016-06-23,1.74,STEEP_LOW_RATE,LOW
2016-06-24,1.57,STEEP_LOW_RATE,LOW
2016-06-27,1.46,STEEP_LOW_RATE,LOW
2016-06-28,1.46,STEEP_LOW_RATE,LOW
2016-06-29,1.5,STEEP_LOW_RATE,LOW
2016-06-30,1.49,STEEP_LOW_RATE,LOW
2016-07-01,1.46,STEEP_LOW_RATE,LOW
2016-07-05,1.37,STEEP_LOW_RATE,LOW
2016-07-06,1.38,STEEP_LOW_RATE,LOW
2016-07-22,1.57,STEEP_LOW_RATE,LOW
2016-07-25,1.58,STEEP_LOW_RATE,LOW
2016-07-26,1.57,STEEP_LOW_RATE,LOW
2016-07-27,1.52,STEEP_LOW_RATE,LOW
2016-07-28,1.52,STEEP_LOW_RATE,LOW
2016-08-03,1.55,STEEP_LOW_RATE,LOW
2016-08-04,1.51,STEEP_LOW_RATE,LOW
2016-08-05,1.59,STEEP_LOW_RATE,LOW
2016-08-08,1.59,STEEP_LOW_RATE,LOW
2016-08-09,1.55,STEEP_LOW_RATE,LOW
2016-08-10,1.5,STEEP_LOW_RATE,LOW
2016-08-11,1.57,STEEP_LOW_RATE,LOW
2016-08-12,1.51,STEEP_LOW_RATE,LOW
2016-08-15,1.55,STEEP_LOW_RATE,LOW
2016-09-12,1.68,STEEP_LOW_RATE,LOW
2016-09-13,1.73,STEEP_LOW_RATE,LOW
2016-09-14,1.7,STEEP_LOW_RATE,LOW
2016-09-15,1.71,STEEP_LOW_RATE,LOW
2016-09-16,1.7,STEEP_LOW_RATE,LOW
2016-09-19,1.7,STEEP_LOW_RATE,LOW
2016-09-20,1.69,STEEP_LOW_RATE,LOW
2016-09-21,1.66,STEEP_LOW_RATE,LOW
2016-09-22,1.63,STEEP_LOW_RATE,LOW
2016-09-23,1.62,STEEP_LOW_RATE,LOW
2016-09-26,1.59,STEEP_LOW_RATE,LOW
2016-09-27,1.56,STEEP_LOW_RATE,LOW
2016-09-28,1.57,STEEP_LOW_RATE,LOW
2016-10-06,1.75,STEEP_LOW_RATE,LOW
2016-10-07,1.73,STEEP_LOW_RATE,LOW
2016-10-10,1.73,STEEP_LOW_RATE,LOW
2016-10-11,1.77,STEEP_LOW_RATE,LOW
2016-10-12,1.79,STEEP_LOW_RATE,LOW
2016-10-13,1.75,STEEP_LOW_RATE,LOW
2016-10-14,1.8,STEEP_LOW_RATE,LOW
2016-10-17,1.77,STEEP_LOW_RATE,LOW
2016-10-18,1.75,STEEP_LOW_RATE,LOW
2016-10-19,1.76,STEEP_LOW_RATE,LOW
2016-10-20,1.76,STEEP_LOW_RATE,LOW
2016-10-21,1.74,STEEP_LOW_RATE,LOW
2016-10-24,1.77,STEEP_LOW_RATE,LOW
2016-10-25,1.77,STEEP_LOW_RATE,LOW
2016-10-26,1.79,STEEP_LOW_RATE,LOW
2016-10-27,1.85,STEEP_LOW_RATE,LOW
2016-10-28,1.86,STEEP_LOW_RATE,LOW
2016-10-31,1.84,STEEP_LOW_RATE,LOW
2016-11-01,1.83,STEEP_LOW_RATE,LOW
2016-11-02,1.81,STEEP_LOW_RATE,LOW
2016-11-03,1.82,STEEP_LOW_RATE,LOW
2016-11-04,1.79,STEEP_LOW_RATE,LOW
2016-11-07,1.83,STEEP_LOW_RATE,LOW
2016-11-08,1.88,STEEP_LOW_RATE,LOW
2016-11-09,2.07,STEEP_LOW_RATE,LOW
2016-11-10,2.15,STEEP_LOW_RATE,MID
2016-11-11,2.15,STEEP_LOW_RATE,MID
2016-11-14,2.23,STEEP_LOW_RATE,MID
2016-11-15,2.23,STEEP_LOW_RATE,MID
2016-11-16,2.22,STEEP_LOW_RATE,MID
2016-11-17,2.29,STEEP_LOW_RATE,MID
2016-11-18,2.34,STEEP_LOW_RATE,MID
2016-11-21,2.33,STEEP_LOW_RATE,MID
2016-11-22,2.31,STEEP_MID_RATE,MID
2016-11-23,2.36,STEEP_MID_RATE,MID
2016-11-25,2.36,STEEP_MID_RATE,MID
2016-11-28,2.32,STEEP_MID_RATE,MID
2016-11-29,2.3,STEEP_MID_RATE,MID
2016-11-30,2.37,STEEP_MID_RATE,MID
2016-12-01,2.45,STEEP_MID_RATE,MID
2016-12-02,2.4,STEEP_MID_RATE,MID
2016-12-05,2.39,STEEP_MID_RATE,MID
2016-12-06,2.39,STEEP_MID_RATE,MID
2016-12-07,2.34,STEEP_MID_RATE,MID
2016-12-08,2.4,STEEP_MID_RATE,MID
2016-12-09,2.47,STEEP_MID_RATE,MID
2016-12-12,2.49,STEEP_MID_RATE,MID
2016-12-13,2.48,STEEP_MID_RATE,MID
2016-12-14,2.54,STEEP_MID_RATE,MID
2016-12-15,2.6,STEEP_MID_RATE,MID
2016-12-16,2.6,STEEP_MID_RATE,MID
2016-12-19,2.54,STEEP_MID_RATE,MID
2016-12-20,2.57,STEEP_MID_RATE,MID
2016-12-21,2.55,STEEP_MID_RATE,MID
2016-12-22,2.55,STEEP_MID_RATE,MID
2016-12-23,2.55,STEEP_MID_RATE,MID
2016-12-27,2.57,STEEP_MID_RATE,MID
2016-12-28,2.51,STEEP_MID_RATE,MID
2016-12-29,2.49,STEEP_MID_RATE,MID
2016-12-30,2.45,STEEP_MID_RATE,MID
2017-01-03,2.45,STEEP_MID_RATE,MID
2017-01-04,2.46,STEEP_MID_RATE,MID
2017-01-05,2.37,STEEP_MID_RATE,MID
2017-01-06,2.42,STEEP_MID_RATE,MID
2017-01-09,2.38,STEEP_MID_RATE,MID
2017-01-10,2.38,STEEP_MID_RATE,MID
2017-01-11,2.38,STEEP_MID_RATE,MID
2017-01-12,2.36,STEEP_MID_RATE,MID
2017-01-13,2.4,STEEP_MID_RATE,MID
2017-01-17,2.33,STEEP_MID_RATE,MID
2017-01-18,2.42,STEEP_MID_RATE,MID
2017-01-19,2.47,STEEP_MID_RATE,MID
2017-01-20,2.48,STEEP_MID_RATE,MID
2017-01-23,2.41,STEEP_MID_RATE,MID
2017-01-24,2.47,STEEP_MID_RATE,MID
2017-01-25,2.53,STEEP_MID_RATE,MID
2017-01-26,2.51,STEEP_MID_RATE,MID
2017-01-27,2.49,STEEP_MID_RATE,MID
2017-01-30,2.49,STEEP_MID_RATE,MID
2017-01-31,2.45,STEEP_MID_RATE,MID
2017-02-01,2.48,STEEP_MID_RATE,MID
2017-02-02,2.48,STEEP_MID_RATE,MID
2017-02-03,2.49,STEEP_MID_RATE,MID
2017-02-06,2.42,STEEP_MID_RATE,MID
2017-02-07,2.4,STEEP_MID_RATE,MID
2017-02-08,2.34,STEEP_MID_RATE,MID
2017-02-09,2.4,STEEP_MID_RATE,MID
2017-02-10,2.41,STEEP_MID_RATE,MID
2017-02-13,2.43,STEEP_MID_RATE,MID
2017-02-14,2.47,STEEP_MID_RATE,MID
2017-02-15,2.51,STEEP_MID_RATE,MID
2017-02-16,2.45,STEEP_MID_RATE,MID
2017-02-17,2.42,STEEP_MID_RATE,MID
2017-02-21,2.43,STEEP_MID_RATE,MID
2017-02-22,2.42,STEEP_MID_RATE,MID
2017-02-23,2.38,STEEP_MID_RATE,MID
2017-02-24,2.31,STEEP_MID_RATE,MID
2017-02-27,2.36,STEEP_MID_RATE,MID
2017-02-28,2.36,STEEP_MID_RATE,MID
2017-03-01,2.46,STEEP_MID_RATE,MID
2017-03-02,2.49,STEEP_MID_RATE,MID
2017-03-03,2.49,STEEP_MID_RATE,MID
2017-03-06,2.49,STEEP_MID_RATE,MID
2017-03-07,2.52,STEEP_MID_RATE,MID
2017-03-08,2.57,STEEP_MID_RATE,MID
2017-03-09,2.6,STEEP_MID_RATE,MID
2017-03-10,2.58,STEEP_MID_RATE,MID
2017-03-13,2.62,STEEP_MID_RATE,MID
2017-03-14,2.6,STEEP_MID_RATE,MID
2017-03-15,2.51,STEEP_MID_RATE,MID
2017-03-16,2.53,STEEP_MID_RATE,MID
2017-03-17,2.5,STEEP_MID_RATE,MID
2017-03-20,2.47,STEEP_MID_RATE,MID
2017-03-21,2.43,STEEP_MID_RATE,MID
2017-03-22,2.4,STEEP_MID_RATE,MID
2017-03-23,2.41,STEEP_MID_RATE,MID
2017-03-24,2.4,STEEP_MID_RATE,MID
2017-03-27,2.38,STEEP_MID_RATE,MID
2017-03-28,2.42,STEEP_MID_RATE,MID
2017-03-29,2.39,STEEP_MID_RATE,MID
2017-03-30,2.42,STEEP_MID_RATE,MID
2017-03-31,2.4,STEEP_MID_RATE,MID
2017-04-03,2.35,STEEP_MID_RATE,MID
2017-04-04,2.36,STEEP_MID_RATE,MID
2017-04-05,2.34,STEEP_MID_RATE,MID
2017-04-06,2.34,STEEP_MID_RATE,MID
2017-04-07,2.38,STEEP_MID_RATE,MID
2017-04-10,2.37,STEEP_MID_RATE,MID
2017-04-11,2.32,STEEP_MID_RATE,MID
2017-04-12,2.28,STEEP_MID_RATE,MID
2017-04-13,2.24,STEEP_MID_RATE,MID
2017-04-17,2.26,STEEP_MID_RATE,MID
2017-04-18,2.18,STEEP_MID_RATE,MID
2017-04-19,2.21,STEEP_MID_RATE,MID
2017-04-20,2.24,STEEP_MID_RATE,MID
2017-04-21,2.24,STEEP_MID_RATE,MID
2017-04-24,2.28,STEEP_MID_RATE,MID
2017-04-25,2.35,STEEP_MID_RATE,MID
2017-04-26,2.32,STEEP_MID_RATE,MID
2017-04-27,2.3,STEEP_MID_RATE,MID
2017-04-28,2.29,STEEP_MID_RATE,MID
2017-05-01,2.33,STEEP_MID_RATE,MID
2017-05-02,2.29,STEEP_MID_RATE,MID
2017-05-03,2.33,STEEP_MID_RATE,MID
2017-05-04,2.36,STEEP_MID_RATE,MID
2017-05-05,2.36,STEEP_MID_RATE,MID
2017-05-08,2.39,STEEP_MID_RATE,MID
2017-05-09,2.42,STEEP_MID_RATE,MID
2017-05-10,2.41,STEEP_MID_RATE,MID
2017-05-11,2.39,STEEP_MID_RATE,MID
2017-05-12,2.33,STEEP_MID_RATE,MID
2017-05-15,2.34,STEEP_MID_RATE,MID
2017-05-16,2.33,STEEP_MID_RATE,MID
2017-05-17,2.22,STEEP_MID_RATE,MID
2017-05-18,2.23,STEEP_MID_RATE,MID
2017-05-19,2.23,STEEP_MID_RATE,MID
2017-05-22,2.25,STEEP_MID_RATE,MID
2017-05-23,2.29,STEEP_MID_RATE,MID
2017-05-24,2.26,STEEP_MID_RATE,MID
2017-05-25,2.25,STEEP_MID_RATE,MID
2017-05-26,2.25,STEEP_MID_RATE,MID
2017-05-30,2.21,STEEP_MID_RATE,MID
2017-05-31,2.21,STEEP_MID_RATE,MID
2017-06-01,2.21,STEEP_MID_RATE,MID
2017-06-02,2.15,STEEP_MID_RATE,MID
2017-06-05,2.18,STEEP_MID_RATE,MID
2017-06-06,2.14,STEEP_MID_RATE,MID
2017-06-07,2.18,STEEP_MID_RATE,MID
2017-06-08,2.19,STEEP_MID_RATE,MID
2017-06-09,2.21,STEEP_MID_RATE,MID
2017-06-12,2.21,STEEP_MID_RATE,MID
2017-06-13,2.21,STEEP_MID_RATE,MID
2017-06-14,2.15,STEEP_MID_RATE,MID
2017-06-30,2.31,STEEP_MID_RATE,MID
2017-07-03,2.35,STEEP_MID_RATE,MID
2017-07-05,2.33,STEEP_MID_RATE,MID
2017-07-06,2.37,STEEP_MID_RATE,MID
2017-07-07,2.39,STEEP_MID_RATE,MID
2017-07-10,2.38,STEEP_MID_RATE,MID
2017-07-11,2.37,STEEP_MID_RATE,MID
2017-07-12,2.33,STEEP_MID_RATE,MID
2017-07-13,2.35,STEEP_MID_RATE,MID
2017-07-14,2.33,STEEP_MID_RATE,MID
2017-07-17,2.31,STEEP_MID_RATE,MID
2017-07-18,2.27,STEEP_MID_RATE,MID
2017-07-19,2.27,STEEP_MID_RATE,MID
2017-07-20,2.27,STEEP_MID_RATE,MID
2017-07-21,2.24,STEEP_MID_RATE,MID
2017-07-24,2.26,STEEP_MID_RATE,MID
2017-07-25,2.33,STEEP_MID_RATE,MID
2017-07-26,2.29,STEEP_MID_RATE,MID
2017-07-27,2.32,STEEP_MID_RATE,MID
2017-07-28,2.3,STEEP_MID_RATE,MID
2017-07-31,2.3,STEEP_MID_RATE,MID
2017-08-01,2.26,STEEP_MID_RATE,MID
2017-08-02,2.27,STEEP_MID_RATE,MID
2017-08-03,2.24,STEEP_MID_RATE,MID
2017-08-04,2.27,STEEP_MID_RATE,MID
2017-08-07,2.26,STEEP_MID_RATE,MID
2017-08-08,2.29,STEEP_MID_RATE,MID
2017-08-09,2.24,STEEP_MID_RATE,MID
2017-08-10,2.2,STEEP_MID_RATE,MID
2017-08-11,2.19,STEEP_MID_RATE,MID
2017-10-03,2.33,STEEP_MID_RATE,MID
2017-10-04,2.33,STEEP_MID_RATE,MID
2017-10-05,2.35,STEEP_MID_RATE,MID
2017-10-06,2.37,STEEP_MID_RATE,MID
2017-10-09,2.37,STEEP_MID_RATE,MID
2017-10-10,2.35,STEEP_MID_RATE,MID
2017-10-11,2.35,STEEP_MID_RATE,MID
2021-01-12,1.15,STEEP_LOW_RATE,LOW
2021-01-13,1.1,STEEP_LOW_RATE,LOW
2021-01-14,1.15,STEEP_LOW_RATE,LOW
2021-01-15,1.11,STEEP_LOW_RATE,LOW
2021-01-19,1.1,STEEP_LOW_RATE,LOW
2021-01-20,1.1,STEEP_LOW_RATE,LOW
2021-01-21,1.12,STEEP_LOW_RATE,LOW
2021-01-22,1.1,STEEP_LOW_RATE,LOW
2021-01-25,1.05,STEEP_LOW_RATE,LOW
2021-02-02,1.12,STEEP_LOW_RATE,LOW
2021-02-03,1.15,STEEP_LOW_RATE,LOW
2021-02-04,1.15,STEEP_LOW_RATE,LOW
2021-02-05,1.19,STEEP_LOW_RATE,LOW
2021-02-08,1.19,STEEP_LOW_RATE,LOW
2021-02-09,1.18,STEEP_LOW_RATE,LOW
2021-02-10,1.15,STEEP_LOW_RATE,LOW
2021-02-11,1.16,STEEP_LOW_RATE,LOW
2021-02-12,1.2,STEEP_LOW_RATE,LOW
2021-02-16,1.3,STEEP_LOW_RATE,LOW
2021-02-17,1.29,STEEP_LOW_RATE,LOW
2021-02-18,1.29,STEEP_LOW_RATE,LOW
2021-02-19,1.34,STEEP_LOW_RATE,LOW
2021-02-22,1.37,STEEP_LOW_RATE,LOW
2021-02-23,1.37,STEEP_LOW_RATE,LOW
2021-02-24,1.38,STEEP_LOW_RATE,LOW
2021-02-25,1.54,STEEP_LOW_RATE,LOW
2021-02-26,1.44,STEEP_LOW_RATE,LOW
2021-03-01,1.45,STEEP_LOW_RATE,LOW
2021-03-02,1.42,STEEP_LOW_RATE,LOW
2021-03-03,1.47,STEEP_LOW_RATE,LOW
2021-03-04,1.54,STEEP_LOW_RATE,LOW
2021-03-05,1.56,STEEP_LOW_RATE,LOW
2021-03-08,1.59,STEEP_LOW_RATE,LOW
2021-03-09,1.55,STEEP_LOW_RATE,LOW
2021-03-10,1.53,STEEP_LOW_RATE,LOW
2021-03-11,1.54,STEEP_LOW_RATE,LOW
2021-03-12,1.64,STEEP_LOW_RATE,LOW
2021-03-15,1.62,STEEP_LOW_RATE,LOW
2021-03-16,1.62,STEEP_LOW_RATE,LOW
2021-03-17,1.63,STEEP_LOW_RATE,LOW
2021-03-18,1.71,STEEP_LOW_RATE,LOW
2021-03-19,1.74,STEEP_LOW_RATE,LOW
2021-03-22,1.69,STEEP_LOW_RATE,LOW
2021-03-23,1.63,STEEP_LOW_RATE,LOW
2021-03-24,1.62,STEEP_LOW_RATE,LOW
2021-03-25,1.63,STEEP_LOW_RATE,LOW
2021-03-26,1.67,STEEP_LOW_RATE,LOW
2021-03-29,1.73,STEEP_LOW_RATE,LOW
2021-03-30,1.73,STEEP_LOW_RATE,LOW
2021-03-31,1.74,STEEP_LOW_RATE,LOW
2021-04-01,1.69,STEEP_LOW_RATE,LOW
2021-04-05,1.73,STEEP_LOW_RATE,LOW
2021-04-06,1.67,STEEP_LOW_RATE,LOW
2021-04-07,1.68,STEEP_LOW_RATE,LOW
2021-04-08,1.64,STEEP_LOW_RATE,LOW
2021-04-09,1.67,STEEP_LOW_RATE,LOW
2021-04-12,1.69,STEEP_LOW_RATE,LOW
2021-04-13,1.64,STEEP_LOW_RATE,LOW
2021-04-14,1.64,STEEP_LOW_RATE,LOW
2021-04-15,1.56,STEEP_LOW_RATE,LOW
2021-04-16,1.59,STEEP_LOW_RATE,LOW
2021-04-19,1.61,STEEP_LOW_RATE,LOW
2021-04-20,1.58,STEEP_LOW_RATE,LOW
2021-04-21,1.57,STEEP_LOW_RATE,LOW
2021-04-22,1.57,STEEP_LOW_RATE,LOW
2021-04-23,1.58,STEEP_LOW_RATE,LOW
2021-04-26,1.58,STEEP_LOW_RATE,LOW
2021-04-27,1.63,STEEP_LOW_RATE,LOW
2021-04-28,1.63,STEEP_LOW_RATE,LOW
2021-04-29,1.65,STEEP_LOW_RATE,LOW
2021-04-30,1.65,STEEP_LOW_RATE,LOW
2021-05-03,1.63,STEEP_LOW_RATE,LOW
2021-05-04,1.61,STEEP_LOW_RATE,LOW
2021-05-05,1.59,STEEP_LOW_RATE,LOW
2021-05-06,1.58,STEEP_LOW_RATE,LOW
2021-05-07,1.6,STEEP_LOW_RATE,LOW
2021-05-10,1.63,STEEP_LOW_RATE,LOW
2021-05-11,1.64,STEEP_LOW_RATE,LOW
2021-05-12,1.69,STEEP_LOW_RATE,LOW
2021-05-13,1.66,STEEP_LOW_RATE,LOW
2021-05-14,1.63,STEEP_LOW_RATE,LOW
2021-05-17,1.64,STEEP_LOW_RATE,LOW
2021-05-18,1.64,STEEP_LOW_RATE,LOW
2021-05-19,1.68,STEEP_LOW_RATE,LOW
2021-05-20,1.63,STEEP_LOW_RATE,LOW
2021-05-21,1.63,STEEP_LOW_RATE,LOW
2021-05-24,1.61,STEEP_LOW_RATE,LOW
2021-05-25,1.56,STEEP_LOW_RATE,LOW
2021-05-26,1.58,STEEP_LOW_RATE,LOW
2021-05-27,1.61,STEEP_LOW_RATE,LOW
2021-05-28,1.58,STEEP_LOW_RATE,LOW
2021-06-01,1.62,STEEP_LOW_RATE,LOW
2021-06-02,1.59,STEEP_LOW_RATE,LOW
2021-06-03,1.63,STEEP_LOW_RATE,LOW
2021-06-04,1.56,STEEP_LOW_RATE,LOW
2021-06-07,1.57,STEEP_LOW_RATE,LOW
2021-06-08,1.53,STEEP_LOW_RATE,LOW
2021-06-09,1.5,STEEP_LOW_RATE,LOW
2021-06-10,1.45,STEEP_LOW_RATE,LOW
2021-06-11,1.47,STEEP_LOW_RATE,LOW
2021-06-14,1.51,STEEP_LOW_RATE,LOW
2021-06-15,1.51,STEEP_LOW_RATE,LOW
2021-06-16,1.57,STEEP_LOW_RATE,LOW
2021-06-17,1.52,STEEP_LOW_RATE,LOW
2021-06-18,1.45,STEEP_LOW_RATE,LOW
2021-06-21,1.5,STEEP_LOW_RATE,LOW
2021-06-22,1.48,STEEP_LOW_RATE,LOW
2021-06-23,1.5,STEEP_LOW_RATE,LOW
2021-06-24,1.49,STEEP_LOW_RATE,LOW
2021-06-25,1.54,STEEP_LOW_RATE,LOW
2021-06-28,1.49,STEEP_LOW_RATE,LOW
2021-06-29,1.49,STEEP_LOW_RATE,LOW
2021-06-30,1.45,STEEP_LOW_RATE,LOW
2021-07-01,1.48,STEEP_LOW_RATE,LOW
2021-07-02,1.44,STEEP_LOW_RATE,LOW
2021-07-06,1.37,STEEP_LOW_RATE,LOW
2021-07-07,1.33,STEEP_LOW_RATE,LOW
2021-07-08,1.3,STEEP_LOW_RATE,LOW
2021-07-09,1.37,STEEP_LOW_RATE,LOW
2021-07-12,1.38,STEEP_LOW_RATE,LOW
2021-07-13,1.42,STEEP_LOW_RATE,LOW
2021-07-14,1.37,STEEP_LOW_RATE,LOW
2021-07-15,1.31,STEEP_LOW_RATE,LOW
2021-07-16,1.31,STEEP_LOW_RATE,LOW
2021-07-19,1.19,STEEP_LOW_RATE,LOW
2021-07-20,1.23,STEEP_LOW_RATE,LOW
2021-07-21,1.3,STEEP_LOW_RATE,LOW
2021-07-22,1.27,STEEP_LOW_RATE,LOW
2021-07-23,1.3,STEEP_LOW_RATE,LOW
2021-07-26,1.29,STEEP_LOW_RATE,LOW
2021-07-27,1.25,STEEP_LOW_RATE,LOW
2021-07-28,1.26,STEEP_LOW_RATE,LOW
2021-07-29,1.28,STEEP_LOW_RATE,LOW
2021-07-30,1.24,STEEP_LOW_RATE,LOW
2021-08-02,1.2,STEEP_LOW_RATE,LOW
2021-08-03,1.19,STEEP_LOW_RATE,LOW
2021-08-04,1.19,STEEP_LOW_RATE,LOW
2021-08-05,1.23,STEEP_LOW_RATE,LOW
2021-08-06,1.31,STEEP_LOW_RATE,LOW
2021-08-09,1.33,STEEP_LOW_RATE,LOW
2021-08-10,1.36,STEEP_LOW_RATE,LOW
2021-08-11,1.35,STEEP_LOW_RATE,LOW
2021-08-12,1.36,STEEP_LOW_RATE,LOW
2021-08-13,1.29,STEEP_LOW_RATE,LOW
2021-08-16,1.26,STEEP_LOW_RATE,LOW
2021-08-17,1.26,STEEP_LOW_RATE,LOW
2021-08-18,1.27,STEEP_LOW_RATE,LOW
2021-08-19,1.24,STEEP_LOW_RATE,LOW
2021-08-20,1.26,STEEP_LOW_RATE,LOW
2021-08-23,1.25,STEEP_LOW_RATE,LOW
2021-08-24,1.29,STEEP_LOW_RATE,LOW
2021-08-25,1.35,STEEP_LOW_RATE,LOW
2021-08-26,1.34,STEEP_LOW_RATE,LOW
2021-08-27,1.31,STEEP_LOW_RATE,LOW
2021-08-30,1.29,STEEP_LOW_RATE,LOW
2021-08-31,1.3,STEEP_LOW_RATE,LOW
2021-09-01,1.31,STEEP_LOW_RATE,LOW
2021-09-02,1.29,STEEP_LOW_RATE,LOW
2021-09-03,1.33,STEEP_LOW_RATE,LOW
2021-09-07,1.38,STEEP_LOW_RATE,LOW
2021-09-08,1.35,STEEP_LOW_RATE,LOW
2021-09-09,1.3,STEEP_LOW_RATE,LOW
2021-09-10,1.35,STEEP_LOW_RATE,LOW
2021-09-13,1.33,STEEP_LOW_RATE,LOW
2021-09-14,1.28,STEEP_LOW_RATE,LOW
2021-09-15,1.31,STEEP_LOW_RATE,LOW
2021-09-16,1.34,STEEP_LOW_RATE,LOW
2021-09-17,1.37,STEEP_LOW_RATE,LOW
2021-09-20,1.31,STEEP_LOW_RATE,LOW
2021-09-21,1.33,STEEP_LOW_RATE,LOW
2021-09-22,1.32,STEEP_LOW_RATE,LOW
2021-09-23,1.41,STEEP_LOW_RATE,LOW
2021-09-24,1.47,STEEP_LOW_RATE,LOW
2021-09-27,1.48,STEEP_LOW_RATE,LOW
2021-09-28,1.54,STEEP_LOW_RATE,LOW
2021-09-29,1.55,STEEP_LOW_RATE,LOW
2021-09-30,1.52,STEEP_LOW_RATE,LOW
2021-10-01,1.48,STEEP_LOW_RATE,LOW
2021-10-04,1.49,STEEP_LOW_RATE,LOW
2021-10-05,1.54,STEEP_LOW_RATE,LOW
2021-10-06,1.53,STEEP_LOW_RATE,LOW
2021-10-07,1.58,STEEP_LOW_RATE,LOW
2021-10-08,1.61,STEEP_LOW_RATE,LOW
2021-10-11,1.61,STEEP_LOW_RATE,LOW
2021-10-12,1.59,STEEP_LOW_RATE,LOW
2021-10-13,1.56,STEEP_LOW_RATE,LOW
2021-10-14,1.52,STEEP_LOW_RATE,LOW
2021-10-15,1.59,STEEP_LOW_RATE,LOW
2021-10-18,1.59,STEEP_LOW_RATE,LOW
2021-10-19,1.65,STEEP_LOW_RATE,LOW
2021-10-20,1.65,STEEP_LOW_RATE,LOW
2021-10-21,1.68,STEEP_LOW_RATE,LOW
2021-10-22,1.66,STEEP_LOW_RATE,LOW
2021-10-25,1.64,STEEP_LOW_RATE,LOW
2021-10-26,1.63,STEEP_LOW_RATE,LOW
2021-10-27,1.54,STEEP_LOW_RATE,LOW
2021-10-28,1.57,STEEP_LOW_RATE,LOW
2021-10-29,1.55,STEEP_LOW_RATE,LOW
2021-11-01,1.58,STEEP_LOW_RATE,LOW
2021-11-02,1.56,STEEP_LOW_RATE,LOW
2021-11-03,1.6,STEEP_LOW_RATE,LOW
2021-11-04,1.53,STEEP_LOW_RATE,LOW
2021-11-05,1.45,STEEP_LOW_RATE,LOW
2021-11-08,1.51,STEEP_LOW_RATE,LOW
2021-11-09,1.46,STEEP_LOW_RATE,LOW
2021-11-10,1.56,STEEP_LOW_RATE,LOW
2021-11-11,1.56,STEEP_LOW_RATE,LOW
2021-11-12,1.58,STEEP_LOW_RATE,LOW
2021-11-15,1.63,STEEP_LOW_RATE,LOW
2021-11-16,1.63,STEEP_LOW_RATE,LOW
2021-11-17,1.6,STEEP_LOW_RATE,LOW
2021-11-18,1.59,STEEP_LOW_RATE,LOW
2021-11-19,1.54,STEEP_LOW_RATE,LOW
2021-11-22,1.63,STEEP_LOW_RATE,LOW
2021-11-23,1.67,STEEP_LOW_RATE,LOW
2021-11-24,1.64,STEEP_LOW_RATE,LOW
2021-11-26,1.48,STEEP_LOW_RATE,LOW
2021-11-29,1.52,STEEP_LOW_RATE,LOW
2021-11-30,1.43,STEEP_LOW_RATE,LOW
2021-12-01,1.43,STEEP_LOW_RATE,LOW
2021-12-02,1.44,STEEP_LOW_RATE,LOW
2021-12-03,1.35,STEEP_LOW_RATE,LOW
2021-12-06,1.43,STEEP_LOW_RATE,LOW
2021-12-07,1.48,STEEP_LOW_RATE,LOW
2021-12-08,1.52,STEEP_LOW_RATE,LOW
2021-12-09,1.49,STEEP_LOW_RATE,LOW
2021-12-10,1.48,STEEP_LOW_RATE,LOW
2021-12-13,1.42,STEEP_LOW_RATE,LOW
2021-12-14,1.44,STEEP_LOW_RATE,LOW
2021-12-15,1.47,STEEP_LOW_RATE,LOW
2021-12-16,1.44,STEEP_LOW_RATE,LOW
2021-12-17,1.41,STEEP_LOW_RATE,LOW
2021-12-20,1.43,STEEP_LOW_RATE,LOW
2021-12-21,1.48,STEEP_LOW_RATE,LOW
2021-12-22,1.46,STEEP_LOW_RATE,LOW
2021-12-23,1.5,STEEP_LOW_RATE,LOW
2021-12-27,1.48,STEEP_LOW_RATE,LOW
2021-12-28,1.49,STEEP_LOW_RATE,LOW
2021-12-29,1.55,STEEP_LOW_RATE,LOW
2021-12-30,1.52,STEEP_LOW_RATE,LOW
2021-12-31,1.52,STEEP_LOW_RATE,LOW
2022-01-03,1.63,STEEP_LOW_RATE,LOW
2022-01-04,1.66,STEEP_LOW_RATE,LOW
2022-01-05,1.71,STEEP_LOW_RATE,LOW
2022-01-06,1.73,STEEP_LOW_RATE,LOW
2022-01-07,1.76,STEEP_LOW_RATE,LOW
2022-01-10,1.78,STEEP_LOW_RATE,LOW
2022-01-11,1.75,STEEP_LOW_RATE,LOW
2022-01-12,1.74,STEEP_LOW_RATE,LOW
2022-01-13,1.7,STEEP_LOW_RATE,LOW
2022-01-14,1.78,STEEP_LOW_RATE,LOW
2022-01-18,1.87,STEEP_LOW_RATE,LOW
2022-01-19,1.83,STEEP_LOW_RATE,LOW
2022-01-20,1.83,STEEP_LOW_RATE,LOW
2022-01-21,1.75,STEEP_LOW_RATE,LOW
2022-01-24,1.75,STEEP_LOW_RATE,LOW
2022-01-25,1.78,STEEP_LOW_RATE,LOW
2022-01-26,1.85,STEEP_LOW_RATE,LOW
2022-01-27,1.81,STEEP_LOW_RATE,LOW
2022-01-28,1.78,STEEP_LOW_RATE,LOW
2022-01-31,1.79,STEEP_LOW_RATE,LOW
2022-02-01,1.81,STEEP_LOW_RATE,LOW
2022-02-02,1.78,STEEP_LOW_RATE,LOW
2022-02-03,1.82,STEEP_LOW_RATE,LOW
2022-02-04,1.93,STEEP_LOW_RATE,LOW
2022-02-07,1.92,STEEP_LOW_RATE,LOW
2022-02-08,1.96,STEEP_LOW_RATE,LOW
2022-02-09,1.94,STEEP_LOW_RATE,LOW
2022-02-10,2.03,STEEP_LOW_RATE,LOW
2022-02-11,1.92,STEEP_LOW_RATE,LOW
